Country,Year,Emissions
Afghanistan,2000,0.036573704
Angola,2000,0.988077383
Albania,2000,1.026213109
Andorra,2000,7.952286282
United Arab Emirates,2000,27.03515911
Argentina,2000,3.587392038
Armenia,2000,1.159761363
Antigua and Barbuda,2000,4.341705369
Australia,2000,17.7230721
Austria,2000,7.929785513
Azerbaijan,2000,3.440349875
Burundi,2000,0.040759564
Belgium,2000,11.43958054
Benin,2000,0.206817822
Burkina Faso,2000,0.080978977
Bangladesh,2000,0.169593942
Bulgaria,2000,5.3144536
Bahrain,2000,23.8937121
"Bahamas, The",2000,7.48209163
Bosnia and Herzegovina,2000,3.721499604
Belarus,2000,5.304816521
Belize,2000,1.819578666
Bolivia,2000,0.975259762
Brazil,2000,1.794549984
Barbados,2000,4.567034116
Brunei Darussalam,2000,14.16711189
Bhutan,2000,0.355321532
Botswana,2000,2.452333155
Central African Republic,2000,0.065926441
Canada,2000,16.75762643
Switzerland,2000,6.084142395
Chile,2000,3.286328366
China,2000,2.650412428
Cote d'Ivoire,2000,0.394417144
Cameroon,2000,0.335826918
"Congo, Dem. Rep.",2000,0.034602936
"Congo, Rep.",2000,1.390922869
Colombia,2000,1.472118383
Comoros,2000,0.184380059
Cabo Verde,2000,0.513805006
Costa Rica,2000,1.249252657
Cuba,2000,2.547988693
Cyprus,2000,7.55866713
Czech Republic,2000,12.01065269
Germany,2000,10.09931602
Djibouti,2000,0.515624107
Dominica,2000,1.866475233
Denmark,2000,9.850895645
Dominican Republic,2000,2.20390761
Algeria,2000,2.578744484
Ecuador,2000,1.738804994
"Egypt, Arab Rep.",2000,1.665079192
Spain,2000,7.230107062
Estonia,2000,10.68014331
Ethiopia,2000,0.053756289
Finland,2000,10.64485611
Fiji,2000,0.998753408
France,2000,6.125507901
Gabon,2000,4.949693046
United Kingdom,2000,9.014558285
Georgia,2000,1.169940333
Ghana,2000,0.297735601
Guinea,2000,0.180809115
"Gambia, The",2000,0.182134433
Guinea-Bissau,2000,0.12486421
Equatorial Guinea,2000,3.662278531
Greece,2000,8.741595261
Grenada,2000,2.042066571
Guatemala,2000,0.81278639
Guyana,2000,2.22306145
Honduras,2000,0.758991925
Croatia,2000,4.037327826
Haiti,2000,0.173680812
Hungary,2000,5.350127818
Indonesia,2000,1.326863641
India,2000,0.887641212
Ireland,2000,11.17688705
"Iran, Islamic Rep.",2000,5.187936248
Iraq,2000,3.729318782
Iceland,2000,7.930157714
Israel,2000,9.063444109
Italy,2000,7.662168039
Jamaica,2000,3.78950826
Jordan,2000,3.176186604
Japan,2000,9.323415561
Kazakhstan,2000,8.072629613
Kenya,2000,0.260288294
Kyrgyz Republic,2000,0.95337253
Cambodia,2000,0.161247317
Kiribati,2000,0.355429181
St. Kitts and Nevis,2000,4.310051494
"Korea, Rep.",2000,9.714493739
Lao PDR,2000,0.169055324
Lebanon,2000,4.077783393
Liberia,2000,0.150959453
Libya,2000,8.346564592
St. Lucia,2000,2.488244639
Liechtenstein,2000,6.629701061
Sri Lanka,2000,0.582076331
Lesotho,2000,0.191853129
Lithuania,2000,3.003255289
Luxembourg,2000,19.61952785
Latvia,2000,2.927076514
Morocco,2000,1.141917571
Moldova,2000,2.294971959
Madagascar,2000,0.104650238
Maldives,2000,1.646408682
Mexico,2000,3.83397972
North Macedonia,2000,4.323043897
Malta,2000,5.46032039
Myanmar,2000,0.202056101
Montenegro,2000,2.512604347
Mongolia,2000,3.754040286
Mozambique,2000,0.080736566
Mauritania,2000,0.482849894
Mauritius,2000,2.047396815
Malawi,2000,0.063684264
Malaysia,2000,5.361673228
Niger,2000,0.059126893
Nigeria,2000,0.795035466
Nicaragua,2000,0.743690956
Netherlands,2000,10.178636
Norway,2000,7.635326646
Nepal,2000,0.13449675
Nauru,2000,8.708272859
New Zealand,2000,7.634082484
Oman,2000,11.07156038
Pakistan,2000,0.691074356
Panama,2000,1.742382768
Peru,2000,1.082012872
Philippines,2000,0.92445667
Papua New Guinea,2000,0.483960059
Poland,2000,7.73080499
"Korea, Dem. People's Rep.",2000,3.132267246
Portugal,2000,5.99228486
Paraguay,2000,0.661256139
Qatar,2000,48.37400227
Romania,2000,3.966498018
Russian Federation,2000,10.66769032
Rwanda,2000,0.068064184
Saudi Arabia,2000,12.08197508
Sudan,2000,0.208615803
Senegal,2000,0.414381656
Singapore,2000,10.45709574
Solomon Islands,2000,0.581585548
Sierra Leone,2000,0.071980578
El Salvador,2000,0.956193433
Somalia,2000,0.055228381
Serbia,2000,5.852577835
South Sudan,2000,0.074200777
Sao Tome and Principe,2000,0.351459259
Suriname,2000,3.142624176
Slovak Republic,2000,7.064757493
Slovenia,2000,7.310481793
Sweden,2000,6.005336499
Eswatini,2000,0.68627217
Seychelles,2000,3.574465987
Syrian Arab Republic,2000,2.705527631
Chad,2000,0.034707038
Togo,2000,0.257899125
Thailand,2000,2.612916672
Tajikistan,2000,0.353906622
Turkmenistan,2000,8.527216235
Tonga,2000,1.020803985
Trinidad and Tobago,2000,8.049502864
Tunisia,2000,2.13218584
Turkiye,2000,3.421874278
Tuvalu,2000,1.064735945
Tanzania,2000,0.088061865
Uganda,2000,0.054967918
Ukraine,2000,6.04719734
Uruguay,2000,1.644710088
United States,2000,20.46980666
Uzbekistan,2000,5.02263655
St. Vincent and the Grenadines,2000,1.484409066
"Venezuela, RB",2000,5.436407038
Vietnam,2000,0.640842656
Vanuatu,2000,0.486581173
Samoa,2000,0.859825513
"Yemen, Rep.",2000,0.863343024
South Africa,2000,6.330319712
Zambia,2000,0.173772089
Zimbabwe,2000,1.153054813
Afghanistan,2001,0.03378536
Angola,2001,0.941828905
Albania,2001,1.055495882
Andorra,2001,7.721549062
United Arab Emirates,2001,29.43026994
Argentina,2001,3.360371185
Armenia,2001,1.180062452
Antigua and Barbuda,2001,4.532974149
Australia,2001,17.80456395
Austria,2001,8.444109161
Azerbaijan,2001,3.254758852
Burundi,2001,0.030648776
Belgium,2001,11.50432068
Benin,2001,0.245876343
Burkina Faso,2001,0.08120832
Bangladesh,2001,0.198172464
Bulgaria,2001,5.767159578
Bahrain,2001,23.49652355
"Bahamas, The",2001,7.335981336
Bosnia and Herzegovina,2001,3.663945867
Belarus,2001,5.225335545
Belize,2001,2.077877272
Bolivia,2001,0.938201757
Brazil,2001,1.802410371
Barbados,2001,4.807445302
Brunei Darussalam,2001,13.85143381
Bhutan,2001,0.381019907
Botswana,2001,2.310897524
Central African Republic,2001,0.0671679
Canada,2001,16.33156895
Switzerland,2001,6.244939386
Chile,2001,3.121271618
China,2001,2.774761175
Cote d'Ivoire,2001,0.385094025
Cameroon,2001,0.323939303
"Congo, Dem. Rep.",2001,0.032418904
"Congo, Rep.",2001,1.317617226
Colombia,2001,1.464131171
Comoros,2001,0.197879096
Cabo Verde,2001,0.550836468
Costa Rica,2001,1.343554927
Cuba,2001,2.460438619
Cyprus,2001,7.279172403
Czech Republic,2001,12.01181802
Germany,2001,10.29363415
Djibouti,2001,0.518404025
Dominica,2001,2.152976131
Denmark,2001,10.12356724
Dominican Republic,2001,2.207336335
Algeria,2001,2.50067461
Ecuador,2001,1.877711066
"Egypt, Arab Rep.",2001,1.806061187
Spain,2001,7.216328687
Estonia,2001,11.07977365
Ethiopia,2001,0.064554538
Finland,2001,11.77523242
Fiji,2001,1.277762147
France,2001,6.1399245
Gabon,2001,4.952273753
United Kingdom,2001,9.222987414
Georgia,2001,0.876849261
Ghana,2001,0.314320105
Guinea,2001,0.186525449
"Gambia, The",2001,0.227929445
Guinea-Bissau,2001,0.122238928
Equatorial Guinea,2001,5.382625518
Greece,2001,8.894202354
Grenada,2001,2.227775518
Guatemala,2001,0.826344294
Guyana,2001,2.200733757
Honduras,2001,0.859015935
Croatia,2001,4.465488057
Haiti,2001,0.185856117
Hungary,2001,5.524375965
Indonesia,2001,1.408681788
India,2001,0.887013876
Ireland,2001,11.5926495
"Iran, Islamic Rep.",2001,5.32843848
Iraq,2001,4.029629987
Iceland,2001,7.579798434
Israel,2001,8.999844696
Italy,2001,7.662604587
Jamaica,2001,3.768638497
Jordan,2001,3.114621124
Japan,2001,9.204791229
Kazakhstan,2001,7.903981166
Kenya,2001,0.231669148
Kyrgyz Republic,2001,0.802814908
Cambodia,2001,0.173311469
Kiribati,2001,0.349471134
St. Kitts and Nevis,2001,4.708309044
"Korea, Rep.",2001,9.954155954
Lao PDR,2001,0.184857098
Lebanon,2001,4.23202311
Liberia,2001,0.152339529
Libya,2001,8.166078752
St. Lucia,2001,2.655135791
Liechtenstein,2001,6.260620696
Sri Lanka,2001,0.573718096
Lesotho,2001,0.196488939
Lithuania,2001,3.212499186
Luxembourg,2001,20.65568201
Latvia,2001,3.149107682
Morocco,2001,1.245265322
Moldova,2001,2.406374218
Madagascar,2001,0.102700134
Maldives,2001,1.676510344
Mexico,2001,3.777038684
North Macedonia,2001,4.383546564
Malta,2001,6.335426484
Myanmar,2001,0.176812683
Montenegro,2001,2.749473566
Mongolia,2001,3.707233528
Mozambique,2001,0.077379485
Mauritania,2001,0.518057064
Mauritius,2001,2.148313908
Malawi,2001,0.05948215
Malaysia,2001,5.460347212
Niger,2001,0.057014658
Nigeria,2001,0.813037008
Nicaragua,2001,0.763793914
Netherlands,2001,10.41493988
Norway,2001,7.692050359
Nepal,2001,0.142111305
Nauru,2001,7.828554653
New Zealand,2001,8.14843448
Oman,2001,12.21372582
Pakistan,2001,0.683936764
Panama,2001,2.013178877
Peru,2001,0.990324781
Philippines,2001,0.884617322
Papua New Guinea,2001,0.567399438
Poland,2001,7.676987465
"Korea, Dem. People's Rep.",2001,3.215754891
Portugal,2001,5.923154167
Paraguay,2001,0.665015855
Qatar,2001,46.58438114
Romania,2001,4.302825279
Russian Federation,2001,10.73577044
Rwanda,2001,0.068034236
Saudi Arabia,2001,11.98388163
Sudan,2001,0.223445097
Senegal,2001,0.444395643
Singapore,2001,10.15705126
Solomon Islands,2001,0.589693572
Sierra Leone,2001,0.092552296
El Salvador,2001,0.990382826
Somalia,2001,0.055514923
Serbia,2001,5.997254857
South Sudan,2001,0.082198694
Sao Tome and Principe,2001,0.345399282
Suriname,2001,3.189431232
Slovak Republic,2001,7.172514212
Slovenia,2001,7.720650984
Sweden,2001,5.901555313
Eswatini,2001,0.601810562
Seychelles,2001,3.940789636
Syrian Arab Republic,2001,2.667811008
Chad,2001,0.039179313
Togo,2001,0.233083151
Thailand,2001,2.725247206
Tajikistan,2001,0.340270095
Turkmenistan,2001,8.571265184
Tonga,2001,0.913872586
Trinidad and Tobago,2001,9.137899714
Tunisia,2001,2.202387911
Turkiye,2001,3.080901847
Tuvalu,2001,1.05507491
Tanzania,2001,0.091025817
Uganda,2001,0.053302775
Ukraine,2001,6.176226409
Uruguay,2001,1.488510951
United States,2001,20.17153061
Uzbekistan,2001,5.035159998
St. Vincent and the Grenadines,2001,1.853688376
"Venezuela, RB",2001,5.509916612
Vietnam,2001,0.702480107
Vanuatu,2001,0.475664477
Samoa,2001,0.912231889
"Yemen, Rep.",2001,0.89684502
South Africa,2001,7.03381727
Zambia,2001,0.172088112
Zimbabwe,2001,1.165725392
Afghanistan,2002,0.045573659
Angola,2002,0.895577672
Albania,2002,1.232378783
Andorra,2002,7.566239884
United Arab Emirates,2002,28.50146173
Argentina,2002,3.117424829
Armenia,2002,1.028353516
Antigua and Barbuda,2002,4.980969957
Australia,2002,17.9819247
Austria,2002,8.583317475
Azerbaijan,2002,3.203641763
Burundi,2002,0.03132403
Belgium,2002,10.72798848
Benin,2002,0.298818443
Burkina Faso,2002,0.078092606
Bangladesh,2002,0.207053129
Bulgaria,2002,5.56323884
Bahrain,2002,23.42410876
"Bahamas, The",2002,7.800895463
Bosnia and Herzegovina,2002,3.872969895
Belarus,2002,5.254649833
Belize,2002,1.981805428
Bolivia,2002,0.949350243
Brazil,2002,1.769880772
Barbados,2002,5.010551434
Brunei Darussalam,2002,13.32268255
Bhutan,2002,0.389594569
Botswana,2002,2.36413982
Central African Republic,2002,0.065752635
Canada,2002,16.72030149
Switzerland,2002,5.980985175
Chile,2002,3.131771583
China,2002,2.975679521
Cote d'Ivoire,2002,0.396946561
Cameroon,2002,0.3136156
"Congo, Dem. Rep.",2002,0.033084915
"Congo, Rep.",2002,0.833742146
Colombia,2002,1.388856179
Comoros,2002,0.19315867
Cabo Verde,2002,0.632118389
Costa Rica,2002,1.346038764
Cuba,2002,2.358999348
Cyprus,2002,7.339032677
Czech Republic,2002,11.6241027
Germany,2002,10.10298472
Djibouti,2002,0.535513237
Dominica,2002,1.71821302
Denmark,2002,10.01500952
Dominican Republic,2002,2.393130244
Algeria,2002,2.586712195
Ecuador,2002,1.838936694
"Egypt, Arab Rep.",2002,1.810728443
Spain,2002,7.548593756
Estonia,2002,10.83843826
Ethiopia,2002,0.065153465
Finland,2002,12.1985969
Fiji,2002,1.079414216
France,2002,6.003048171
Gabon,2002,4.62621577
United Kingdom,2002,8.940301425
Georgia,2002,0.743996199
Ghana,2002,0.366979247
Guinea,2002,0.189842229
"Gambia, The",2002,0.213635204
Guinea-Bissau,2002,0.119573939
Equatorial Guinea,2002,7.032327616
Greece,2002,8.860741473
Grenada,2002,2.315797548
Guatemala,2002,0.861904487
Guyana,2002,2.175112689
Honduras,2002,0.878880862
Croatia,2002,4.713895971
Haiti,2002,0.209043763
Hungary,2002,5.473190665
Indonesia,2002,1.40616085
India,2002,0.901339542
Ireland,2002,11.17258201
"Iran, Islamic Rep.",2002,5.49708091
Iraq,2002,3.656356845
Iceland,2002,7.790681127
Israel,2002,9.296803932
Italy,2002,7.77212967
Jamaica,2002,3.806386039
Jordan,2002,3.172535294
Japan,2002,9.467613289
Kazakhstan,2002,8.820274326
Kenya,2002,0.219840481
Kyrgyz Republic,2002,0.995852243
Cambodia,2002,0.174873333
Kiribati,2002,0.458148155
St. Kitts and Nevis,2002,5.092100695
"Korea, Rep.",2002,9.717757697
Lao PDR,2002,0.202066285
Lebanon,2002,4.026584099
Liberia,2002,0.148773753
Libya,2002,8.24248791
St. Lucia,2002,2.6977515
Liechtenstein,2002,6.49254829
Sri Lanka,2002,0.597508967
Lesotho,2002,0.201987158
Lithuania,2002,3.258722606
Luxembourg,2002,22.0093006
Latvia,2002,3.181579866
Morocco,2002,1.272120189
Moldova,2002,2.466926631
Madagascar,2002,0.06680536
Maldives,2002,2.107517395
Mexico,2002,3.79604559
North Macedonia,2002,4.143242276
Malta,2002,5.859044353
Myanmar,2002,0.173996307
Montenegro,2002,2.902457711
Mongolia,2002,3.92917514
Mozambique,2002,0.083670206
Mauritania,2002,0.557935865
Mauritius,2002,2.16665648
Malawi,2002,0.058051867
Malaysia,2002,5.633584028
Niger,2002,0.057424174
Nigeria,2002,0.717284684
Nicaragua,2002,0.777878504
Netherlands,2002,10.36786976
Norway,2002,7.573555473
Nepal,2002,0.1128384
Nauru,2002,7.919223739
New Zealand,2002,7.987843717
Oman,2002,12.83588708
Pakistan,2002,0.684254166
Panama,2002,1.717899288
Peru,2002,1.023210818
Philippines,2002,0.879613728
Papua New Guinea,2002,0.591937078
Poland,2002,7.515492328
"Korea, Dem. People's Rep.",2002,3.050628348
Portugal,2002,6.295808218
Paraguay,2002,0.683302363
Qatar,2002,50.71215469
Romania,2002,4.313753256
Russian Federation,2002,10.77267705
Rwanda,2002,0.066452587
Saudi Arabia,2002,12.48548405
Sudan,2002,0.268596325
Senegal,2002,0.445365248
Singapore,2002,9.887570712
Solomon Islands,2002,0.597105395
Sierra Leone,2002,0.100689319
El Salvador,2002,0.996286745
Somalia,2002,0.059991569
Serbia,2002,6.480338727
South Sudan,2002,0.100176058
Sao Tome and Principe,2002,0.40691759
Suriname,2002,2.322552827
Slovak Republic,2002,7.08027204
Slovenia,2002,7.781282035
Sweden,2002,6.052689599
Eswatini,2002,0.60840741
Seychelles,2002,4.180452134
Syrian Arab Republic,2002,2.591218285
Chad,2002,0.044349704
Togo,2002,0.257839084
Thailand,2002,2.875645602
Tajikistan,2002,0.331421531
Turkmenistan,2002,8.982611315
Tonga,2002,1.00986641
Trinidad and Tobago,2002,9.927889936
Tunisia,2002,2.199313652
Turkiye,2002,3.194548471
Tuvalu,2002,1.042426746
Tanzania,2002,0.101033569
Uganda,2002,0.0592039
Ukraine,2002,6.305486056
Uruguay,2002,1.361977618
United States,2002,19.445549
Uzbekistan,2002,5.139710761
St. Vincent and the Grenadines,2002,2.127758029
"Venezuela, RB",2002,5.607478795
Vietnam,2002,0.815606604
Vanuatu,2002,0.412526354
Samoa,2002,0.963664202
"Yemen, Rep.",2002,0.872385373
South Africa,2002,7.1790564
Zambia,2002,0.174995603
Zimbabwe,2002,1.04481292
Afghanistan,2003,0.051518377
Angola,2003,0.924869437
Albania,2003,1.338984981
Andorra,2003,7.24241557
United Arab Emirates,2003,27.96926982
Argentina,2003,3.351723713
Armenia,2003,1.159732241
Antigua and Barbuda,2003,5.169522468
Australia,2003,17.72168373
Austria,2003,9.168343908
Azerbaijan,2003,3.469717358
Burundi,2003,0.023157659
Belgium,2003,11.13131453
Benin,2003,0.324444105
Burkina Faso,2003,0.082183395
Bangladesh,2003,0.212401957
Bulgaria,2003,6.164371004
Bahrain,2003,23.03816133
"Bahamas, The",2003,7.600847317
Bosnia and Herzegovina,2003,3.952496648
Belarus,2003,5.379335611
Belize,2003,1.892898995
Bolivia,2003,1.019557988
Brazil,2003,1.709539024
Barbados,2003,5.030419439
Brunei Darussalam,2003,15.62433655
Bhutan,2003,0.414118231
Botswana,2003,2.260164586
Central African Republic,2003,0.059260253
Canada,2003,17.20830161
Switzerland,2003,6.109823415
Chile,2003,3.167262617
China,2003,3.427437253
Cote d'Ivoire,2003,0.301711176
Cameroon,2003,0.310103009
"Congo, Dem. Rep.",2003,0.038891149
"Congo, Rep.",2003,0.948071795
Colombia,2003,1.352573854
Comoros,2003,0.24004952
Cabo Verde,2003,0.689003728
Costa Rica,2003,1.392873768
Cuba,2003,2.282445178
Cyprus,2003,7.880736103
Czech Republic,2003,12.04336087
Germany,2003,10.13870882
Djibouti,2003,0.539730051
Dominica,2003,1.997089963
Denmark,2003,10.98769807
Dominican Republic,2003,2.116308325
Algeria,2003,2.733373662
Ecuador,2003,1.844472234
"Egypt, Arab Rep.",2003,1.826542965
Spain,2003,7.553396348
Estonia,2003,12.35846893
Ethiopia,2003,0.069557428
Finland,2003,13.75595751
Fiji,2003,1.28664166
France,2003,6.052063904
Gabon,2003,4.878987517
United Kingdom,2003,9.104141448
Georgia,2003,0.799648581
Ghana,2003,0.344091272
Guinea,2003,0.194216978
"Gambia, The",2003,0.206907262
Guinea-Bissau,2003,0.148056138
Equatorial Guinea,2003,7.29608142
Greece,2003,9.17087841
Grenada,2003,2.403776814
Guatemala,2003,0.848950174
Guyana,2003,2.174082262
Honduras,2003,0.947043924
Croatia,2003,5.021612128
Haiti,2003,0.203368312
Hungary,2003,5.74457771
Indonesia,2003,1.515549968
India,2003,0.910255466
Ireland,2003,11.0320952
"Iran, Islamic Rep.",2003,5.721566758
Iraq,2003,3.169490116
Iceland,2003,7.702377441
Israel,2003,9.406998865
Italy,2003,8.064459636
Jamaica,2003,3.908559691
Jordan,2003,3.18547751
Japan,2003,9.51275428
Kazakhstan,2003,9.802120407
Kenya,2003,0.188299589
Kyrgyz Republic,2003,1.108401275
Cambodia,2003,0.185125113
Kiribati,2003,0.450247626
St. Kitts and Nevis,2003,5.027432385
"Korea, Rep.",2003,9.723895501
Lao PDR,2003,0.20621736
Lebanon,2003,3.967297222
Liberia,2003,0.155993308
Libya,2003,8.703781959
St. Lucia,2003,2.803214278
Liechtenstein,2003,6.7306568
Sri Lanka,2003,0.645546016
Lesotho,2003,0.20313572
Lithuania,2003,3.288228155
Luxembourg,2003,22.67342686
Latvia,2003,3.317373005
Morocco,2003,1.250718366
Moldova,2003,2.677168603
Madagascar,2003,0.089703541
Maldives,2003,1.751018304
Mexico,2003,3.925940997
North Macedonia,2003,4.509631983
Malta,2003,6.548213153
Myanmar,2003,0.217865792
Montenegro,2003,3.08688854
Mongolia,2003,3.771116497
Mozambique,2003,0.09828723
Mauritania,2003,0.517998712
Mauritius,2003,2.266415026
Malawi,2003,0.062499047
Malaysia,2003,5.850077034
Niger,2003,0.060088632
Nigeria,2003,0.765727934
Nicaragua,2003,0.861659269
Netherlands,2003,10.49965052
Norway,2003,8.14264597
Nepal,2003,0.120410447
Nauru,2003,7.007007037
New Zealand,2003,8.293603875
Oman,2003,13.28492122
Pakistan,2003,0.690167072
Panama,2003,1.723248273
Peru,2003,0.992246987
Philippines,2003,0.88655329
Papua New Guinea,2003,0.655592497
Poland,2003,7.793047036
"Korea, Dem. People's Rep.",2003,3.089739908
Portugal,2003,5.78650313
Paraguay,2003,0.699451793
Qatar,2003,50.95403383
Romania,2003,4.548925394
Russian Federation,2003,11.13042089
Rwanda,2003,0.064273662
Saudi Arabia,2003,12.68355031
Sudan,2003,0.269173818
Senegal,2003,0.425936778
Singapore,2003,9.273782135
Solomon Islands,2003,0.60400525
Sierra Leone,2003,0.105747392
El Salvador,2003,1.086072535
Somalia,2003,0.059090743
Serbia,2003,6.971374525
South Sudan,2003,0.108136711
Sao Tome and Principe,2003,0.465410061
Suriname,2003,2.520812109
Slovak Republic,2003,7.133321044
Slovenia,2003,7.721473688
Sweden,2003,6.161932315
Eswatini,2003,0.615958603
Seychelles,2003,4.107222715
Syrian Arab Republic,2003,2.548346582
Chad,2003,0.048005565
Togo,2003,0.343299082
Thailand,2003,2.973360002
Tajikistan,2003,0.333254361
Turkmenistan,2003,9.955426851
Tonga,2003,1.204928129
Trinidad and Tobago,2003,12.03679739
Tunisia,2003,2.161829096
Turkiye,2003,3.316114188
Tuvalu,2003,1.028383358
Tanzania,2003,0.10347358
Uganda,2003,0.060429831
Ukraine,2003,6.906706612
Uruguay,2003,1.350919896
United States,2003,19.50649945
Uzbekistan,2003,4.768134876
St. Vincent and the Grenadines,2003,2.123299091
"Venezuela, RB",2003,5.313556754
Vietnam,2003,0.861465129
Vanuatu,2003,0.45235225
Samoa,2003,0.957849019
"Yemen, Rep.",2003,0.984988137
South Africa,2003,7.557705904
Zambia,2003,0.184778179
Zimbabwe,2003,0.849592242
Afghanistan,2004,0.041655394
Angola,2004,0.930262948
Albania,2004,1.404058688
Andorra,2004,7.344262326
United Arab Emirates,2004,27.03893822
Argentina,2004,3.672973996
Armenia,2004,1.25303469
Antigua and Barbuda,2004,4.978406237
Australia,2004,18.17472687
Austria,2004,9.2756141
Azerbaijan,2004,3.408174257
Burundi,2004,0.02103289
Belgium,2004,10.94122423
Benin,2004,0.341935364
Burkina Faso,2004,0.081347129
Bangladesh,2004,0.222868797
Bulgaria,2004,6.125548534
Bahrain,2004,21.60641891
"Bahamas, The",2004,7.055658167
Bosnia and Herzegovina,2004,4.136343582
Belarus,2004,5.759420354
Belize,2004,1.591227985
Bolivia,2004,1.046416775
Brazil,2004,1.785371856
Barbados,2004,4.940370507
Brunei Darussalam,2004,14.18897462
Bhutan,2004,0.453969796
Botswana,2004,2.248612758
Central African Republic,2004,0.058082525
Canada,2004,16.79426996
Switzerland,2004,6.127509688
Chile,2004,3.432413196
China,2004,3.954107458
Cote d'Ivoire,2004,0.304387853
Cameroon,2004,0.296651275
"Congo, Dem. Rep.",2004,0.036556273
"Congo, Rep.",2004,1.002715302
Colombia,2004,1.333540814
Comoros,2004,0.25115953
Cabo Verde,2004,0.722703201
Costa Rica,2004,1.405865264
Cuba,2004,2.25414834
Cyprus,2004,7.699844825
Czech Republic,2004,12.10540157
Germany,2004,9.950402591
Djibouti,2004,0.518403997
Dominica,2004,2.273146979
Denmark,2004,9.941672844
Dominican Republic,2004,1.925467548
Algeria,2004,2.737354064
Ecuador,2004,1.925511132
"Egypt, Arab Rep.",2004,1.948172596
Spain,2004,7.817921309
Estonia,2004,12.49128506
Ethiopia,2004,0.071794656
Finland,2004,12.94525129
Fiji,2004,1.797364878
France,2004,6.024888047
Gabon,2004,4.498488798
United Kingdom,2004,9.053158584
Georgia,2004,0.858087124
Ghana,2004,0.31402298
Guinea,2004,0.198303128
"Gambia, The",2004,0.213828841
Guinea-Bissau,2004,0.152265871
Equatorial Guinea,2004,8.647755711
Greece,2004,9.113529104
Grenada,2004,2.20420528
Guatemala,2004,0.847650879
Guyana,2004,2.239395333
Honduras,2004,1.038040468
Croatia,2004,4.901733118
Haiti,2004,0.184589899
Hungary,2004,5.575263133
Indonesia,2004,1.528266442
India,2004,0.961090201
Ireland,2004,10.97963685
"Iran, Islamic Rep.",2004,6.057320614
Iraq,2004,3.348428329
Iceland,2004,7.94319225
Israel,2004,9.275958268
Italy,2004,8.18925745
Jamaica,2004,3.878874772
Jordan,2004,3.329605285
Japan,2004,9.469634517
Kazakhstan,2004,10.52622175
Kenya,2004,0.208781937
Kyrgyz Republic,2004,1.089192302
Cambodia,2004,0.182145538
Kiribati,2004,0.552498406
St. Kitts and Nevis,2004,5.181011477
"Korea, Rep.",2004,10.10575182
Lao PDR,2004,0.2136979
Lebanon,2004,3.9130059
Liberia,2004,0.178591134
Libya,2004,8.486622726
St. Lucia,2004,2.780850372
Liechtenstein,2004,6.677505637
Sri Lanka,2004,0.663841663
Lesotho,2004,0.214361955
Lithuania,2004,3.526720564
Luxembourg,2004,25.45323535
Latvia,2004,3.367030096
Morocco,2004,1.36110692
Moldova,2004,2.687255676
Madagascar,2004,0.092681049
Maldives,2004,2.409522433
Mexico,2004,3.962113262
North Macedonia,2004,4.349229415
Malta,2004,6.479459874
Myanmar,2004,0.209000441
Montenegro,2004,3.325980246
Mongolia,2004,3.829523873
Mozambique,2004,0.095929046
Mauritania,2004,0.557966222
Mauritius,2004,2.268626679
Malawi,2004,0.062592276
Malaysia,2004,6.282887624
Niger,2004,0.060186287
Nigeria,2004,0.729601662
Nicaragua,2004,0.844372659
Netherlands,2004,10.57132609
Norway,2004,8.13169251
Nepal,2004,0.110545761
Nauru,2004,7.066424419
New Zealand,2004,8.034250802
Oman,2004,12.78253668
Pakistan,2004,0.757349952
Panama,2004,1.71593431
Peru,2004,1.130891406
Philippines,2004,0.887020622
Papua New Guinea,2004,0.779006515
Poland,2004,7.905511788
"Korea, Dem. People's Rep.",2004,3.13153895
Portugal,2004,5.92625189
Paraguay,2004,0.69277746
Qatar,2004,49.20805129
Romania,2004,4.444859154
Russian Federation,2004,11.11272164
Rwanda,2004,0.064512294
Saudi Arabia,2004,12.96390807
Sudan,2004,0.292246796
Senegal,2004,0.498608417
Singapore,2004,9.508805829
Solomon Islands,2004,0.676045531
Sierra Leone,2004,0.097534129
El Salvador,2004,1.108934347
Somalia,2004,0.057254256
Serbia,2004,7.550423832
South Sudan,2004,0.131700176
Sao Tome and Principe,2004,0.455326015
Suriname,2004,2.815589017
Slovak Republic,2004,6.967246738
Slovenia,2004,7.861745352
Sweden,2004,5.958727462
Eswatini,2004,0.613863369
Seychelles,2004,4.607456747
Syrian Arab Republic,2004,2.600429127
Chad,2004,0.046226095
Togo,2004,0.325544047
Thailand,2004,3.233926034
Tajikistan,2004,0.390250273
Turkmenistan,2004,10.49667069
Tonga,2004,1.297223893
Trinidad and Tobago,2004,12.47950794
Tunisia,2004,2.243002992
Turkiye,2004,3.351692121
Tuvalu,2004,1.013068562
Tanzania,2004,0.1359024
Uganda,2004,0.060772595
Ukraine,2004,6.472697367
Uruguay,2004,1.643842557
United States,2004,19.5976305
Uzbekistan,2004,4.826720808
St. Vincent and the Grenadines,2004,2.303722816
"Venezuela, RB",2004,5.37031892
Vietnam,2004,1.02392387
Vanuatu,2004,0.342930489
Samoa,2004,1.063847644
"Yemen, Rep.",2004,1.004600958
South Africa,2004,8.035040258
Zambia,2004,0.182673836
Zimbabwe,2004,0.812818036
Afghanistan,2005,0.060418781
Angola,2005,0.813539291
Albania,2005,1.338209399
Andorra,2005,7.353780012
United Arab Emirates,2005,25.38238104
Argentina,2005,3.753639235
Armenia,2005,1.496010763
Antigua and Barbuda,2005,5.033021488
Australia,2005,18.14629201
Austria,2005,9.26611356
Azerbaijan,2005,3.579663711
Burundi,2005,0.020366995
Belgium,2005,10.55578237
Benin,2005,0.363307326
Burkina Faso,2005,0.078975196
Bangladesh,2005,0.235263641
Bulgaria,2005,6.265854174
Bahrain,2005,23.26923202
"Bahamas, The",2005,6.495345193
Bosnia and Herzegovina,2005,4.310376759
Belarus,2005,5.875465459
Belize,2005,1.656107509
Bolivia,2005,1.088569382
Brazil,2005,1.782061764
Barbados,2005,5.138969156
Brunei Darussalam,2005,13.66703853
Bhutan,2005,0.493260813
Botswana,2005,2.378997792
Central African Republic,2005,0.05447729
Canada,2005,17.02748527
Switzerland,2005,6.165024808
Chile,2005,3.458629046
China,2005,4.46770003
Cote d'Ivoire,2005,0.320357185
Cameroon,2005,0.283081514
"Congo, Dem. Rep.",2005,0.040338851
"Congo, Rep.",2005,1.189695728
Colombia,2005,1.351537304
Comoros,2005,0.245248324
Cabo Verde,2005,0.950254188
Costa Rica,2005,1.463071784
Cuba,2005,2.337148577
Cyprus,2005,7.687389951
Czech Republic,2005,11.750804
Germany,2005,9.729424378
Djibouti,2005,0.548995985
Dominica,2005,2.266931091
Denmark,2005,9.262963492
Dominican Republic,2005,2.054464358
Algeria,2005,2.841351373
Ecuador,2005,2.041105738
"Egypt, Arab Rep.",2005,2.147938562
Spain,2005,8.029202013
Estonia,2005,12.71797866
Ethiopia,2005,0.066145963
Finland,2005,10.57167065
Fiji,2005,1.570095596
France,2005,6.025069386
Gabon,2005,4.357987805
United Kingdom,2005,8.955450044
Georgia,2005,1.086491596
Ghana,2005,0.322718935
Guinea,2005,0.200887312
"Gambia, The",2005,0.213765883
Guinea-Bissau,2005,0.156141834
Equatorial Guinea,2005,11.10033354
Greece,2005,9.278882623
Grenada,2005,2.388732825
Guatemala,2005,0.890464915
Guyana,2005,1.983499455
Honduras,2005,0.934443841
Croatia,2005,4.976630894
Haiti,2005,0.184877283
Hungary,2005,5.543733303
Indonesia,2005,1.512001407
India,2005,0.99029291
Ireland,2005,11.21417451
"Iran, Islamic Rep.",2005,6.461795522
Iraq,2005,3.162065041
Iceland,2005,7.717349417
Israel,2005,8.803624525
Italy,2005,8.173783064
Jamaica,2005,3.854014752
Jordan,2005,3.44627904
Japan,2005,9.49198928
Kazakhstan,2005,11.17116807
Kenya,2005,0.227167866
Kyrgyz Republic,2005,1.026614534
Cambodia,2005,0.200401487
Kiribati,2005,0.758240452
St. Kitts and Nevis,2005,4.695637301
"Korea, Rep.",2005,9.982450603
Lao PDR,2005,0.219066618
Lebanon,2005,3.67756536
Liberia,2005,0.208196483
Libya,2005,9.13838937
St. Lucia,2005,2.692646612
Liechtenstein,2005,6.624805697
Sri Lanka,2005,0.715272864
Lesotho,2005,0.215418454
Lithuania,2005,3.861517472
Luxembourg,2005,25.60420297
Latvia,2005,3.443810739
Morocco,2005,1.430937324
Moldova,2005,2.832301219
Madagascar,2005,0.093255492
Maldives,2005,2.252787914
Mexico,2005,4.077064206
North Macedonia,2005,4.531495635
Malta,2005,6.512577233
Myanmar,2005,0.218999293
Montenegro,2005,3.255944948
Mongolia,2005,4.377720656
Mozambique,2005,0.083439354
Mauritania,2005,0.499305929
Mauritius,2005,2.409925014
Malawi,2005,0.06019349
Malaysia,2005,6.51677658
Niger,2005,0.055781969
Nigeria,2005,0.710906213
Nicaragua,2005,0.797986014
Netherlands,2005,10.28991121
Norway,2005,7.862364379
Nepal,2005,0.123909964
Nauru,2005,7.108042272
New Zealand,2005,8.280316298
Oman,2005,12.34841248
Pakistan,2005,0.758995364
Panama,2005,2.137995571
Peru,2005,1.122868144
Philippines,2005,0.888142335
Papua New Guinea,2005,0.759056846
Poland,2005,7.895886085
"Korea, Dem. People's Rep.",2005,3.245877438
Portugal,2005,6.233261377
Paraguay,2005,0.635291843
Qatar,2005,44.53380584
Romania,2005,4.442373285
Russian Federation,2005,11.23183738
Rwanda,2005,0.062215648
Saudi Arabia,2005,13.23848219
Sudan,2005,0.339262193
Senegal,2005,0.511265752
Singapore,2005,8.650271986
Solomon Islands,2005,0.723530496
Sierra Leone,2005,0.07970768
El Salvador,2005,1.13018176
Somalia,2005,0.055519094
Serbia,2005,6.81246772
South Sudan,2005,0.120754825
Sao Tome and Principe,2005,0.508026812
Suriname,2005,3.383647687
Slovak Republic,2005,7.169436843
Slovenia,2005,7.958113965
Sweden,2005,5.560617833
Eswatini,2005,0.640419209
Seychelles,2005,4.586159396
Syrian Arab Republic,2005,3.116357851
Chad,2005,0.047540614
Togo,2005,0.311851627
Thailand,2005,3.328992526
Tajikistan,2005,0.363806796
Turkmenistan,2005,10.64010576
Tonga,2005,1.288302169
Trinidad and Tobago,2005,13.56732808
Tunisia,2005,2.272732152
Turkiye,2005,3.460795614
Tuvalu,2005,1.000300068
Tanzania,2005,0.147202921
Uganda,2005,0.072964779
Ukraine,2005,6.27128609
Uruguay,2005,1.631646008
United States,2005,19.46926248
Uzbekistan,2005,4.554973915
St. Vincent and the Grenadines,2005,2.301665485
"Venezuela, RB",2005,5.575723505
Vietnam,2005,1.101837882
Vanuatu,2005,0.334476927
Samoa,2005,1.168471269
"Yemen, Rep.",2005,1.049861435
South Africa,2005,7.887328758
Zambia,2005,0.193147169
Zimbabwe,2005,0.870271087
Afghanistan,2006,0.066583291
Angola,2006,0.821840076
Albania,2006,1.339995739
Andorra,2006,6.790542773
United Arab Emirates,2006,22.93510429
Argentina,2006,3.94249129
Armenia,2006,1.51776299
Antigua and Barbuda,2006,5.319470442
Australia,2006,18.14145349
Austria,2006,8.961569195
Azerbaijan,2006,3.593590676
Burundi,2006,0.023659773
Belgium,2006,10.30057207
Benin,2006,0.422300744
Burkina Faso,2006,0.089665522
Bangladesh,2006,0.254752395
Bulgaria,2006,6.439923574
Bahrain,2006,23.46563028
"Bahamas, The",2006,6.34379729
Bosnia and Herzegovina,2006,4.756438946
Belarus,2006,6.15517613
Belize,2006,1.750544009
Bolivia,2006,1.195259486
Brazil,2006,1.783625001
Barbados,2006,5.297774677
Brunei Darussalam,2006,20.30994264
Bhutan,2006,0.486763075
Botswana,2006,2.22777692
Central African Republic,2006,0.055851339
Canada,2006,16.5953499
Switzerland,2006,6.077017721
Chile,2006,3.494449666
China,2006,4.910276132
Cote d'Ivoire,2006,0.303920338
Cameroon,2006,0.279306978
"Congo, Dem. Rep.",2006,0.040298316
"Congo, Rep.",2006,1.276319812
Colombia,2006,1.335388783
Comoros,2006,0.271380387
Cabo Verde,2006,1.065709517
Costa Rica,2006,1.509635072
Cuba,2006,2.37806834
Cyprus,2006,7.651782674
Czech Republic,2006,11.77860313
Germany,2006,9.886441614
Djibouti,2006,0.54118412
Dominica,2006,2.403914163
Denmark,2006,10.69102319
Dominican Republic,2006,2.209643748
Algeria,2006,2.966914681
Ecuador,2006,2.143053343
"Egypt, Arab Rep.",2006,2.22117664
Spain,2006,7.698212561
Estonia,2006,11.86507343
Ethiopia,2006,0.068799271
Finland,2006,12.72627915
Fiji,2006,1.66693039
France,2006,5.840018106
Gabon,2006,3.803812803
United Kingdom,2006,8.908600278
Georgia,2006,1.211231833
Ghana,2006,0.380266256
Guinea,2006,0.204138179
"Gambia, The",2006,0.226209665
Guinea-Bissau,2006,0.159700111
Equatorial Guinea,2006,11.94400452
Greece,2006,9.137630592
Grenada,2006,2.477653381
Guatemala,2006,0.871846874
Guyana,2006,1.782041634
Honduras,2006,1.043973254
Croatia,2006,5.012573327
Haiti,2006,0.184059902
Hungary,2006,5.506698601
Indonesia,2006,1.589363176
India,2006,1.042663453
Ireland,2006,11.05861518
"Iran, Islamic Rep.",2006,6.862471364
Iraq,2006,3.022428749
Iceland,2006,7.669973612
Israel,2006,9.120036553
Italy,2006,8.025766415
Jamaica,2006,4.378426925
Jordan,2006,3.366409389
Japan,2006,9.303737228
Kazakhstan,2006,12.1047148
Kenya,2006,0.247018262
Kyrgyz Republic,2006,1.019469602
Cambodia,2006,0.219621964
Kiribati,2006,0.74198917
St. Kitts and Nevis,2006,4.859189237
"Korea, Rep.",2006,10.07157738
Lao PDR,2006,0.280530097
Lebanon,2006,3.409835694
Liberia,2006,0.207256313
Libya,2006,8.989490546
St. Lucia,2006,2.902441614
Liechtenstein,2006,6.576125923
Sri Lanka,2006,0.629570172
Lesotho,2006,0.216087681
Lithuania,2006,3.981762324
Luxembourg,2006,24.79704354
Latvia,2006,3.696429298
Morocco,2006,1.460816566
Moldova,2006,2.770741944
Madagascar,2006,0.086863187
Maldives,2006,2.656577793
Mexico,2006,4.167900165
North Macedonia,2006,4.519102898
Malta,2006,6.538237823
Myanmar,2006,0.20222694
Montenegro,2006,3.544571467
Mongolia,2006,4.853735335
Mozambique,2006,0.088234843
Mauritania,2006,0.555929037
Mauritius,2006,2.674238776
Malawi,2006,0.060121661
Malaysia,2006,6.64454285
Niger,2006,0.053026134
Nigeria,2006,0.622779937
Nicaragua,2006,0.82520869
Netherlands,2006,10.01462043
Norway,2006,7.981673212
Nepal,2006,0.100511426
Nauru,2006,5.08802287
New Zealand,2006,8.189552277
Oman,2006,15.1854899
Pakistan,2006,0.80769342
Panama,2006,2.208349617
Peru,2006,1.097428645
Philippines,2006,0.790431773
Papua New Guinea,2006,0.719133232
Poland,2006,8.234912499
"Korea, Dem. People's Rep.",2006,3.28166461
Portugal,2006,5.74494832
Paraguay,2006,0.667995676
Qatar,2006,42.79830768
Romania,2006,4.683454099
Russian Federation,2006,11.56836194
Rwanda,2006,0.060818225
Saudi Arabia,2006,13.69237149
Sudan,2006,0.407430716
Senegal,2006,0.4893575
Singapore,2006,8.445106954
Solomon Islands,2006,0.706734354
Sierra Leone,2006,0.101213876
El Salvador,2006,1.190907939
Somalia,2006,0.053883794
Serbia,2006,7.152331486
South Sudan,2006,0.126463707
Sao Tome and Principe,2006,0.494816783
Suriname,2006,3.027952098
Slovak Republic,2006,7.048132949
Slovenia,2006,8.117126246
Sweden,2006,5.385163218
Eswatini,2006,0.627355577
Seychelles,2006,4.609928909
Syrian Arab Republic,2006,3.159094769
Chad,2006,0.048770588
Togo,2006,0.27243319
Thailand,2006,3.341004691
Tajikistan,2006,0.388582894
Turkmenistan,2006,10.79392259
Tonga,2006,1.474723302
Trinidad and Tobago,2006,15.40053638
Tunisia,2006,2.34285906
Turkiye,2006,3.797151008
Tuvalu,2006,0.988337594
Tanzania,2006,0.152976088
Uganda,2006,0.083999867
Ukraine,2006,6.497208272
Uruguay,2006,1.903528662
United States,2006,18.94591375
Uzbekistan,2006,4.808169683
St. Vincent and the Grenadines,2006,2.301983389
"Venezuela, RB",2006,5.494560701
Vietnam,2006,1.121162316
Vanuatu,2006,0.326524521
Samoa,2006,1.105742135
"Yemen, Rep.",2006,1.059569463
South Africa,2006,7.832423319
Zambia,2006,0.179077245
Zimbabwe,2006,0.808687685
Afghanistan,2007,0.065312346
Angola,2007,0.811753508
Albania,2007,1.39393137
Andorra,2007,6.53104692
United Arab Emirates,2007,21.37028576
Argentina,2007,4.102629636
Armenia,2007,1.773161431
Antigua and Barbuda,2007,5.474300638
Australia,2007,18.52109701
Austria,2007,8.587801761
Azerbaijan,2007,3.219791775
Burundi,2007,0.02289428
Belgium,2007,9.843115874
Benin,2007,0.473104595
Burkina Faso,2007,0.098933279
Bangladesh,2007,0.266296791
Bulgaria,2007,6.971191811
Bahrain,2007,22.20240095
"Bahamas, The",2007,6.28358498
Bosnia and Herzegovina,2007,5.02020957
Belarus,2007,6.029733806
Belize,2007,1.772391396
Bolivia,2007,1.26380481
Brazil,2007,1.854305856
Barbados,2007,5.310350587
Brunei Darussalam,2007,19.04167531
Bhutan,2007,0.481294913
Botswana,2007,2.303437439
Central African Republic,2007,0.057170025
Canada,2007,17.38057011
Switzerland,2007,5.766034471
Chile,2007,3.906183578
China,2007,5.306366015
Cote d'Ivoire,2007,0.29523374
Cameroon,2007,0.327277496
"Congo, Dem. Rep.",2007,0.042255675
"Congo, Rep.",2007,1.070657483
Colombia,2007,1.353071942
Comoros,2007,0.17143997
Cabo Verde,2007,0.968284491
Costa Rica,2007,1.725458621
Cuba,2007,2.460200201
Cyprus,2007,7.812294746
Czech Republic,2007,12.00330783
Germany,2007,9.527586652
Djibouti,2007,0.583520389
Dominica,2007,2.542480715
Denmark,2007,9.779475634
Dominican Republic,2007,2.209049927
Algeria,2007,3.007289846
Ecuador,2007,2.14317376
"Egypt, Arab Rep.",2007,2.34430544
Spain,2007,7.842252141
Estonia,2007,14.90288476
Ethiopia,2007,0.073877268
Finland,2007,12.30921631
Fiji,2007,1.50684357
France,2007,5.667781492
Gabon,2007,3.354690664
United Kingdom,2007,8.650989769
Georgia,2007,1.458489553
Ghana,2007,0.397144284
Guinea,2007,0.208023423
"Gambia, The",2007,0.250023476
Guinea-Bissau,2007,0.162942027
Equatorial Guinea,2007,10.39326453
Greece,2007,9.441123453
Grenada,2007,2.662027145
Guatemala,2007,0.920826905
Guyana,2007,2.156797884
Honduras,2007,1.093677158
Croatia,2007,5.308317229
Haiti,2007,0.215895462
Hungary,2007,5.355128938
Indonesia,2007,1.635120972
India,2007,1.129757683
Ireland,2007,10.5388979
"Iran, Islamic Rep.",2007,7.207252776
Iraq,2007,2.746205329
Iceland,2007,7.638831305
Israel,2007,9.275636617
Italy,2007,7.860767964
Jamaica,2007,4.342126485
Jordan,2007,3.371546348
Japan,2007,9.570784184
Kazakhstan,2007,12.81242182
Kenya,2007,0.242081741
Kyrgyz Republic,2007,1.228076796
Cambodia,2007,0.267544785
Kiribati,2007,0.621561971
St. Kitts and Nevis,2007,5.233519647
"Korea, Rep.",2007,10.34618659
Lao PDR,2007,0.291003292
Lebanon,2007,3.154794472
Liberia,2007,0.184868989
Libya,2007,8.266404753
St. Lucia,2007,2.863210072
Liechtenstein,2007,5.679075531
Sri Lanka,2007,0.684909284
Lesotho,2007,0.221447602
Lithuania,2007,4.088145504
Luxembourg,2007,23.14617017
Latvia,2007,3.876699912
Morocco,2007,1.487308731
Moldova,2007,2.832852436
Madagascar,2007,0.08850687
Maldives,2007,2.595682231
Mexico,2007,4.187211587
North Macedonia,2007,4.746620875
Malta,2007,6.687581821
Myanmar,2007,0.20938514
Montenegro,2007,3.409782674
Mongolia,2007,5.019625678
Mozambique,2007,0.102891487
Mauritania,2007,0.621387214
Mauritius,2007,2.742753963
Malawi,2007,0.062210458
Malaysia,2007,7.108435391
Niger,2007,0.055837755
Nigeria,2007,0.554325672
Nicaragua,2007,0.840777159
Netherlands,2007,10.04474769
Norway,2007,8.016303569
Nepal,2007,0.101961197
Nauru,2007,4.062563387
New Zealand,2007,7.876793517
Oman,2007,15.90418587
Pakistan,2007,0.871590759
Panama,2007,2.165811399
Peru,2007,1.193306099
Philippines,2007,0.818965455
Papua New Guinea,2007,0.74171961
Poland,2007,8.220760788
"Korea, Dem. People's Rep.",2007,2.713291792
Portugal,2007,5.577179172
Paraguay,2007,0.620162281
Qatar,2007,40.89652419
Romania,2007,4.632001472
Russian Federation,2007,11.61127902
Rwanda,2007,0.062542059
Saudi Arabia,2007,14.08083313
Sudan,2007,0.431388535
Senegal,2007,0.530500422
Singapore,2007,8.34459514
Solomon Islands,2007,0.690870158
Sierra Leone,2007,0.083477457
El Salvador,2007,1.24962947
Somalia,2007,0.055956063
Serbia,2007,6.971408026
South Sudan,2007,0.140707119
Sao Tome and Principe,2007,0.481066996
Suriname,2007,2.758318417
Slovak Republic,2007,6.919556134
Slovenia,2007,8.066906107
Sweden,2007,5.152987026
Eswatini,2007,0.633001864
Seychelles,2007,4.704056142
Syrian Arab Republic,2007,3.199475612
Chad,2007,0.046219132
Togo,2007,0.253362971
Thailand,2007,3.39351756
Tajikistan,2007,0.462997899
Turkmenistan,2007,12.00786333
Tonga,2007,1.267340585
Trinidad and Tobago,2007,15.66739272
Tunisia,2007,2.401809887
Turkiye,2007,4.152950584
Tuvalu,2007,0.97856931
Tanzania,2007,0.145275175
Uganda,2007,0.097333218
Ukraine,2007,6.711338281
Uruguay,2007,1.755832412
United States,2007,19.04291352
Uzbekistan,2007,4.562304668
St. Vincent and the Grenadines,2007,2.488112451
"Venezuela, RB",2007,5.225781139
Vietnam,2007,1.230865213
Vanuatu,2007,0.501221154
Samoa,2007,1.098629476
"Yemen, Rep.",2007,1.093385887
South Africa,2007,8.083507514
Zambia,2007,0.158362527
Zimbabwe,2007,0.796349864
Afghanistan,2008,0.128416559
Angola,2008,0.888658009
Albania,2008,1.384311249
Andorra,2008,6.439303857
United Arab Emirates,2008,22.01146924
Argentina,2008,4.172388531
Armenia,2008,1.956930356
Antigua and Barbuda,2008,5.621003692
Australia,2008,18.30374802
Austria,2008,8.49967402
Azerbaijan,2008,3.474678865
Burundi,2008,0.022150837
Belgium,2008,9.984152183
Benin,2008,0.46223287
Burkina Faso,2008,0.115727153
Bangladesh,2008,0.288141386
Bulgaria,2008,6.678624427
Bahrain,2008,22.21335064
"Bahamas, The",2008,6.401303677
Bosnia and Herzegovina,2008,5.529716828
Belarus,2008,6.352864617
Belize,2008,1.62960935
Bolivia,2008,1.348563251
Brazil,2008,1.945681928
Barbados,2008,6.358369012
Brunei Darussalam,2008,20.847719
Bhutan,2008,0.446687163
Botswana,2008,2.291667032
Central African Republic,2008,0.039781269
Canada,2008,16.55692294
Switzerland,2008,5.878910791
Chile,2008,4.069245883
China,2008,5.435075622
Cote d'Ivoire,2008,0.330008281
Cameroon,2008,0.331901941
"Congo, Dem. Rep.",2008,0.042210719
"Congo, Rep.",2008,1.086878789
Colombia,2008,1.350808645
Comoros,2008,0.167369873
Cabo Verde,2008,0.998240579
Costa Rica,2008,1.684918829
Cuba,2008,2.380533907
Cyprus,2008,7.849714277
Czech Republic,2008,11.39282817
Germany,2008,9.617453045
Djibouti,2008,0.575725689
Dominica,2008,2.541332041
Denmark,2008,9.125129139
Dominican Republic,2008,2.175917533
Algeria,2008,3.102451083
Ecuador,2008,2.1801436
"Egypt, Arab Rep.",2008,2.38509982
Spain,2008,7.056387715
Estonia,2008,13.76122746
Ethiopia,2008,0.078271761
Finland,2008,10.6636072
Fiji,2008,1.147445607
France,2008,5.561011371
Gabon,2008,3.470443269
United Kingdom,2008,8.337891639
Georgia,2008,1.25764955
Ghana,2008,0.367512374
Guinea,2008,0.206391015
"Gambia, The",2008,0.254545114
Guinea-Bissau,2008,0.152045425
Equatorial Guinea,2008,11.36100912
Greece,2008,9.064040878
Grenada,2008,2.749935914
Guatemala,2008,0.818091212
Guyana,2008,2.142431558
Honduras,2008,1.076312315
Croatia,2008,5.042108344
Haiti,2008,0.210437489
Hungary,2008,5.280833386
Indonesia,2008,1.597402667
India,2008,1.18632121
Ireland,2008,10.19702642
"Iran, Islamic Rep.",2008,7.25243453
Iraq,2008,3.105080315
Iceland,2008,6.868002252
Israel,2008,9.127353202
Italy,2008,7.564248487
Jamaica,2008,3.458106721
Jordan,2008,3.051945799
Japan,2008,9.044142107
Kazakhstan,2008,15.34074602
Kenya,2008,0.24904513
Kyrgyz Republic,2008,1.411999216
Cambodia,2008,0.292426404
Kiribati,2008,0.607533401
St. Kitts and Nevis,2008,5.189090456
"Korea, Rep.",2008,10.49685145
Lao PDR,2008,0.339031816
Lebanon,2008,3.914165316
Liberia,2008,0.149673095
Libya,2008,8.792257212
St. Lucia,2008,2.882166504
Liechtenstein,2008,6.202599419
Sri Lanka,2008,0.641013344
Lesotho,2008,0.23148964
Lithuania,2008,4.083507545
Luxembourg,2008,22.55192972
Latvia,2008,3.724758973
Morocco,2008,1.542007758
Moldova,2008,2.841737072
Madagascar,2008,0.089015683
Maldives,2008,2.533134579
Mexico,2008,4.146991471
North Macedonia,2008,4.631398117
Malta,2008,6.644209959
Myanmar,2008,0.158222646
Montenegro,2008,4.360024664
Mongolia,2008,4.928000758
Mozambique,2008,0.100553963
Mauritania,2008,0.576414856
Mauritius,2008,2.789117802
Malawi,2008,0.069930583
Malaysia,2008,7.450065403
Niger,2008,0.056390068
Nigeria,2008,0.578493505
Nicaragua,2008,0.794009849
Netherlands,2008,10.04646055
Norway,2008,7.73245798
Nepal,2008,0.112125361
Nauru,2008,4.048582905
New Zealand,2008,8.021502927
Oman,2008,15.01659837
Pakistan,2008,0.828201836
Panama,2008,2.076102578
Peru,2008,1.340577361
Philippines,2008,0.826714801
Papua New Guinea,2008,0.68231992
Poland,2008,8.087182909
"Korea, Dem. People's Rep.",2008,2.995868919
Portugal,2008,5.38350514
Paraguay,2008,0.710374922
Qatar,2008,36.91870848
Romania,2008,4.646050196
Russian Federation,2008,11.59564597
Rwanda,2008,0.05879554
Saudi Arabia,2008,15.05376806
Sudan,2008,0.452196556
Senegal,2008,0.536456559
Singapore,2008,7.939006886
Solomon Islands,2008,0.635720317
Sierra Leone,2008,0.084778933
El Salvador,2008,1.126918203
Somalia,2008,0.054399384
Serbia,2008,6.779387321
South Sudan,2008,0.141926252
Sao Tome and Principe,2008,0.525940578
Suriname,2008,2.823318362
Slovak Republic,2008,6.896893753
Slovenia,2008,8.588464451
Sweden,2008,5.005620235
Eswatini,2008,0.600029711
Seychelles,2008,4.830028829
Syrian Arab Republic,2008,3.15911159
Chad,2008,0.048285038
Togo,2008,0.258078651
Thailand,2008,3.420662101
Tajikistan,2008,0.421641055
Turkmenistan,2008,12.01029603
Tonga,2008,1.257447915
Trinidad and Tobago,2008,15.23071679
Tunisia,2008,2.424521757
Turkiye,2008,4.078325237
Tuvalu,2008,0.969461927
Tanzania,2008,0.145267073
Uganda,2008,0.097595491
Ukraine,2008,6.511279813
Uruguay,2008,2.320205759
United States,2008,18.27849449
Uzbekistan,2008,4.720395157
St. Vincent and the Grenadines,2008,2.306251787
"Venezuela, RB",2008,5.467902249
Vietnam,2008,1.363466232
Vanuatu,2008,0.445037835
Samoa,2008,0.927593178
"Yemen, Rep.",2008,1.106332654
South Africa,2008,8.572609815
Zambia,2008,0.170447505
Zimbabwe,2008,0.613915535
Afghanistan,2009,0.171862421
Angola,2009,0.939403983
Albania,2009,1.441493562
Andorra,2009,6.156687476
United Arab Emirates,2009,19.83234887
Argentina,2009,3.867569967
Armenia,2009,1.561583601
Antigua and Barbuda,2009,16.02434762
Australia,2009,18.22309955
Austria,2009,7.721143982
Azerbaijan,2009,2.850039951
Burundi,2009,0.021434541
Belgium,2009,9.231701273
Benin,2009,0.494146663
Burkina Faso,2009,0.114258558
Bangladesh,2009,0.306664813
Bulgaria,2009,5.764030949
Bahrain,2009,20.8594387
"Bahamas, The",2009,17.64874164
Bosnia and Herzegovina,2009,5.511323147
Belarus,2009,6.03919199
Belize,2009,4.640002664
Bolivia,2009,1.416317393
Brazil,2009,1.805179788
Barbados,2009,16.43502256
Brunei Darussalam,2009,20.50002315
Bhutan,2009,0.471747475
Botswana,2009,2.144873704
Central African Republic,2009,0.039191973
Canada,2009,15.50214503
Switzerland,2009,5.639327378
Chile,2009,3.875949531
China,2009,5.798318754
Cote d'Ivoire,2009,0.300610999
Cameroon,2009,0.355231325
"Congo, Dem. Rep.",2009,0.040032941
"Congo, Rep.",2009,1.167559259
Colombia,2009,1.385696614
Comoros,2009,0.20794622
Cabo Verde,2009,1.047944468
Costa Rica,2009,1.592659919
Cuba,2009,2.40319712
Cyprus,2009,7.540372167
Czech Republic,2009,10.64445418
Germany,2009,8.97178632
Djibouti,2009,0.567756274
Dominica,2009,7.05736224
Denmark,2009,8.678105357
Dominican Republic,2009,2.052891491
Algeria,2009,3.174573294
Ecuador,2009,2.335118311
"Egypt, Arab Rep.",2009,2.436192983
Spain,2009,6.200856827
Estonia,2009,11.27750545
Ethiopia,2009,0.076612691
Finland,2009,10.14821304
Fiji,2009,1.136315747
France,2009,5.312096451
Gabon,2009,3.314371184
United Kingdom,2009,7.490653988
Georgia,2009,1.473356725
Ghana,2009,0.414133624
Guinea,2009,0.21275591
"Gambia, The",2009,0.281564377
Guinea-Bissau,2009,0.154994881
Equatorial Guinea,2009,10.76987412
Greece,2009,8.529742762
Grenada,2009,7.656895482
Guatemala,2009,0.846417112
Guyana,2009,2.179966238
Honduras,2009,0.990089255
Croatia,2009,4.717571565
Haiti,2009,0.203101721
Hungary,2009,4.773188743
Indonesia,2009,1.638919951
India,2009,1.285083612
Ireland,2009,8.943031474
"Iran, Islamic Rep.",2009,7.436286869
Iraq,2009,3.251285214
Iceland,2009,6.624824238
Israel,2009,8.780859698
Italy,2009,6.71897022
Jamaica,2009,2.818474209
Jordan,2009,2.997131378
Japan,2009,8.598248928
Kazakhstan,2009,13.27361979
Kenya,2009,0.286295484
Kyrgyz Republic,2009,1.255735372
Cambodia,2009,0.337032292
Kiribati,2009,0.594483183
St. Kitts and Nevis,2009,14.40358831
"Korea, Rep.",2009,10.68065582
Lao PDR,2009,0.413100752
Lebanon,2009,4.550151946
Liberia,2009,0.143841627
Libya,2009,9.19467249
St. Lucia,2009,7.954802812
Liechtenstein,2009,5.878565446
Sri Lanka,2009,0.610728505
Lesotho,2009,0.266313577
Lithuania,2009,3.695956383
Luxembourg,2009,20.97299341
Latvia,2009,3.436572194
Morocco,2009,1.526820983
Moldova,2009,2.667275485
Madagascar,2009,0.082162021
Maldives,2009,2.575051504
Mexico,2009,3.986790881
North Macedonia,2009,4.325413431
Malta,2009,6.085187757
Myanmar,2009,0.149053636
Montenegro,2009,2.830368724
Mongolia,2009,5.101365454
Mozambique,2009,0.108758711
Mauritania,2009,0.692519115
Mauritius,2009,2.741639064
Malawi,2009,0.069365009
Malaysia,2009,6.559572504
Niger,2009,0.068168346
Nigeria,2009,0.498623213
Nicaragua,2009,0.764071157
Netherlands,2009,9.708786357
Norway,2009,7.751527071
Nepal,2009,0.144326283
Nauru,2009,4.022121579
New Zealand,2009,7.244456858
Oman,2009,15.15548722
Pakistan,2009,0.826887879
Panama,2009,2.430700533
Peru,2009,1.429878097
Philippines,2009,0.825631075
Papua New Guinea,2009,0.704011101
Poland,2009,7.791547049
"Korea, Dem. People's Rep.",2009,2.266220325
Portugal,2009,5.327278898
Paraguay,2009,0.741405323
Qatar,2009,32.67180019
Romania,2009,3.962688135
Russian Federation,2009,10.83213407
Rwanda,2009,0.060310114
Saudi Arabia,2009,15.26569182
Sudan,2009,0.458208051
Senegal,2009,0.540733711
Singapore,2009,7.785350075
Solomon Islands,2009,0.640550355
Sierra Leone,2009,0.082898446
El Salvador,2009,1.084824479
Somalia,2009,0.052058039
Serbia,2009,6.402299491
South Sudan,2009,0.141102992
Sao Tome and Principe,2009,0.51172128
Suriname,2009,2.771867737
Slovak Republic,2009,6.295477884
Slovenia,2009,7.604175103
Sweden,2009,4.611489154
Eswatini,2009,0.66196231
Seychelles,2009,5.154757132
Syrian Arab Republic,2009,2.862414613
Chad,2009,0.068338263
Togo,2009,0.451139356
Thailand,2009,3.294009621
Tajikistan,2009,0.327234384
Turkmenistan,2009,10.46136004
Tonga,2009,1.347488384
Trinidad and Tobago,2009,14.41418595
Tunisia,2009,2.402692699
Turkiye,2009,4.035674599
Tuvalu,2009,0.960338018
Tanzania,2009,0.137670596
Uganda,2009,0.106968566
Ukraine,2009,5.463665486
Uruguay,2009,2.28977372
United States,2009,16.80869862
Uzbekistan,2009,4.196647824
St. Vincent and the Grenadines,2009,8.218444273
"Venezuela, RB",2009,5.443613924
Vietnam,2009,1.51896401
Vanuatu,2009,0.564618384
Samoa,2009,0.975329619
"Yemen, Rep.",2009,1.180025411
South Africa,2009,8.007605605
Zambia,2009,0.188420224
Zimbabwe,2009,0.618665464
Afghanistan,2010,0.243614036
Angola,2010,0.976184198
Albania,2010,1.527623663
Andorra,2010,6.157197775
United Arab Emirates,2010,19.03976975
Argentina,2010,4.099689714
Armenia,2010,1.508351244
Antigua and Barbuda,2010,5.56628433
Australia,2010,17.59006927
Austria,2010,8.365014901
Azerbaijan,2010,2.684902593
Burundi,2010,0.034579718
Belgium,2010,9.794792242
Benin,2010,0.525042566
Burkina Faso,2010,0.146745851
Bangladesh,2010,0.342739986
Bulgaria,2010,6.049544016
Bahrain,2010,20.92896507
"Bahamas, The",2010,5.860211203
Bosnia and Herzegovina,2010,5.624105757
Belarus,2010,6.50264283
Belize,2010,1.736622587
Bolivia,2010,1.509663496
Brazil,2010,2.03322568
Barbados,2010,5.4939016
Brunei Darussalam,2010,18.44923521
Bhutan,2010,0.583513988
Botswana,2010,1.695933627
Central African Republic,2010,0.038752931
Canada,2010,15.79214123
Switzerland,2010,5.777702857
Chile,2010,4.087904661
China,2010,6.335417691
Cote d'Ivoire,2010,0.309259106
Cameroon,2010,0.344620171
"Congo, Dem. Rep.",2010,0.04104464
"Congo, Rep.",2010,1.268210657
Colombia,2010,1.405488898
Comoros,2010,0.246485411
Cabo Verde,2010,1.096126252
Costa Rica,2010,1.553293393
Cuba,2010,2.504045857
Cyprus,2010,7.100376945
Czech Republic,2010,10.71659406
Germany,2010,9.453399722
Djibouti,2010,0.618904659
Dominica,2010,2.539610976
Denmark,2010,8.673891232
Dominican Republic,2010,2.133032567
Algeria,2010,3.173654529
Ecuador,2010,2.481494711
"Egypt, Arab Rep.",2010,2.42033575
Spain,2010,5.866642426
Estonia,2010,14.26988866
Ethiopia,2010,0.073824767
Finland,2010,11.65875348
Fiji,2010,1.349125821
France,2010,5.348198409
Gabon,2010,3.546479337
United Kingdom,2010,7.686282334
Georgia,2010,1.404919111
Ghana,2010,0.451580867
Guinea,2010,0.245286381
"Gambia, The",2010,0.245371539
Guinea-Bissau,2010,0.157624801
Equatorial Guinea,2010,10.54427516
Greece,2010,7.874949777
Grenada,2010,2.730002651
Guatemala,2010,0.802261619
Guyana,2010,2.348451477
Honduras,2010,0.983472529
Croatia,2010,4.530399209
Haiti,2010,0.247253132
Hungary,2010,4.787989094
Indonesia,2010,1.718201745
India,2010,1.344896147
Ireland,2010,8.813296615
"Iran, Islamic Rep.",2010,7.336652683
Iraq,2010,3.649723858
Iceland,2010,6.162727567
Israel,2010,9.250222551
Italy,2010,6.836836177
Jamaica,2010,2.661482239
Jordan,2010,2.781778794
Japan,2010,9.030061533
Kazakhstan,2010,14.07314044
Kenya,2010,0.300732682
Kyrgyz Republic,2010,1.165586722
Cambodia,2010,0.35913403
Kiribati,2010,0.485767033
St. Kitts and Nevis,2010,4.896859779
"Korea, Rep.",2010,11.60791602
Lao PDR,2010,0.460861368
Lebanon,2010,4.21153464
Liberia,2010,0.187595232
Libya,2010,9.608454155
St. Lucia,2010,3.044367182
Liechtenstein,2010,5.278364196
Sri Lanka,2010,0.645058173
Lesotho,2010,0.275609793
Lithuania,2010,4.068083042
Luxembourg,2010,21.7574405
Latvia,2010,4.061872255
Morocco,2010,1.600327236
Moldova,2010,2.900589865
Madagascar,2010,0.088409221
Maldives,2010,2.624887153
Mexico,2010,4.056954882
North Macedonia,2010,4.204371545
Malta,2010,6.248371356
Myanmar,2010,0.160669313
Montenegro,2010,4.16513287
Mongolia,2010,5.261219125
Mozambique,2010,0.113889571
Mauritania,2010,0.686852526
Mauritius,2010,2.927063408
Malawi,2010,0.061212099
Malaysia,2010,7.097979384
Niger,2010,0.08321173
Nigeria,2010,0.568190395
Nicaragua,2010,0.774374196
Netherlands,2010,10.29828126
Norway,2010,8.469598181
Nepal,2010,0.171767827
Nauru,2010,3.996403148
New Zealand,2010,7.136782411
Oman,2010,15.47953576
Pakistan,2010,0.783727323
Panama,2010,2.522860045
Peru,2010,1.550244456
Philippines,2010,0.871903845
Papua New Guinea,2010,0.686682408
Poland,2010,8.247028077
"Korea, Dem. People's Rep.",2010,2.10274697
Portugal,2010,4.817886772
Paraguay,2010,0.80665593
Qatar,2010,32.63430234
Romania,2010,3.83367893
Russian Federation,2010,11.32541814
Rwanda,2010,0.059764899
Saudi Arabia,2010,16.26936986
Sudan,2010,0.475321853
Senegal,2010,0.554497627
Singapore,2010,8.353799225
Solomon Islands,2010,0.644108967
Sierra Leone,2010,0.087286748
El Salvador,2010,1.057588947
Somalia,2010,0.052308698
Serbia,2010,6.459632708
South Sudan,2010,0.137773316
Sao Tome and Principe,2010,0.554409784
Suriname,2010,3.288441712
Slovak Republic,2010,6.571542883
Slovenia,2010,7.70288523
Sweden,2010,5.132155515
Eswatini,2010,0.610419749
Seychelles,2010,4.9014147
Syrian Arab Republic,2010,2.859678544
Chad,2010,0.103747164
Togo,2010,0.409550549
Thailand,2010,3.488055559
Tajikistan,2010,0.325477725
Turkmenistan,2010,11.63309332
Tonga,2010,1.154056965
Trinidad and Tobago,2010,16.1578858
Tunisia,2010,2.587622613
Turkiye,2010,4.107871448
Tuvalu,2010,0.950479971
Tanzania,2010,0.155818269
Uganda,2010,0.102688512
Ukraine,2010,5.862560917
Uruguay,2010,1.869452173
United States,2010,17.43173849
Uzbekistan,2010,4.419796581
St. Vincent and the Grenadines,2010,2.309255496
"Venezuela, RB",2010,5.770054176
Vietnam,2010,1.721200863
Vanuatu,2010,0.550343733
Samoa,2010,1.021813006
"Yemen, Rep.",2010,1.098257856
South Africa,2010,8.304084027
Zambia,2010,0.195502192
Zimbabwe,2010,0.756040796
Afghanistan,2011,0.29650624
Angola,2011,0.985522312
Albania,2011,1.66942319
Andorra,2011,5.850886105
United Arab Emirates,2011,18.50945738
Argentina,2011,4.280989353
Armenia,2011,1.71734338
Antigua and Barbuda,2011,6.050420408
Australia,2011,17.29541584
Austria,2011,8.135474381
Azerbaijan,2011,2.973918764
Burundi,2011,0.040185722
Belgium,2011,8.740505152
Benin,2011,0.491500279
Burkina Faso,2011,0.15296686
Bangladesh,2011,0.364566595
Bulgaria,2011,6.755278124
Bahrain,2011,20.35750059
"Bahamas, The",2011,7.147167506
Bosnia and Herzegovina,2011,6.484260583
Belarus,2011,6.18814293
Belize,2011,2.028852144
Bolivia,2011,1.626366425
Brazil,2011,2.117869375
Barbados,2011,6.219366934
Brunei Darussalam,2011,18.61885184
Bhutan,2011,0.851006097
Botswana,2011,1.925170469
Central African Republic,2011,0.042999665
Canada,2011,15.9959443
Switzerland,2011,5.205754138
Chile,2011,4.437266283
China,2011,6.901344429
Cote d'Ivoire,2011,0.291031488
Cameroon,2011,0.325737695
"Congo, Dem. Rep.",2011,0.045239954
"Congo, Rep.",2011,1.224162351
Colombia,2011,1.51326854
Comoros,2011,0.212290796
Cabo Verde,2011,1.142609706
Costa Rica,2011,1.603682692
Cuba,2011,2.455353561
Cyprus,2011,6.783205135
Czech Republic,2011,10.4010178
Germany,2011,9.299036295
Djibouti,2011,0.562277492
Dominica,2011,2.538357502
Denmark,2011,7.73708669
Dominican Republic,2011,2.130799267
Algeria,2011,3.294742583
Ecuador,2011,2.433762684
"Egypt, Arab Rep.",2011,2.434305307
Spain,2011,5.87043563
Estonia,2011,13.68801133
Ethiopia,2011,0.083647726
Finland,2011,10.22962444
Fiji,2011,1.285539092
France,2011,5.128951791
Gabon,2011,3.431022623
United Kingdom,2011,7.043919991
Georgia,2011,1.735685448
Ghana,2011,0.462822311
Guinea,2011,0.251428453
"Gambia, The",2011,0.243487777
Guinea-Bissau,2011,0.153551253
Equatorial Guinea,2011,10.12300595
Greece,2011,7.61375705
Grenada,2011,2.903002289
Guatemala,2011,0.808455576
Guyana,2011,2.433416853
Honduras,2011,1.038833066
Croatia,2011,4.445615774
Haiti,2011,0.267318268
Hungary,2011,4.704300453
Indonesia,2011,1.939122786
India,2011,1.405068333
Ireland,2011,8.008586809
"Iran, Islamic Rep.",2011,7.396667663
Iraq,2011,3.679052199
Iceland,2011,5.924504836
Israel,2011,8.990702786
Italy,2011,6.680594198
Jamaica,2011,2.664607715
Jordan,2011,2.709171986
Japan,2011,9.493010565
Kazakhstan,2011,14.82436446
Kenya,2011,0.301772158
Kyrgyz Republic,2011,1.38178651
Cambodia,2011,0.368602225
Kiribati,2011,0.477395338
St. Kitts and Nevis,2011,5.663201351
"Korea, Rep.",2011,11.98478721
Lao PDR,2011,0.478923877
Lebanon,2011,4.071493797
Liberia,2011,0.211577212
Libya,2011,6.714752633
St. Lucia,2011,3.361095454
Liechtenstein,2011,4.958814489
Sri Lanka,2011,0.755938089
Lesotho,2011,0.284460517
Lithuania,2011,3.913325743
Luxembourg,2011,21.02838372
Latvia,2011,3.835493313
Morocco,2011,1.706431503
Moldova,2011,2.916254254
Madagascar,2011,0.100717581
Maldives,2011,2.654450911
Mexico,2011,4.134993377
North Macedonia,2011,4.624639348
Malta,2011,6.173907034
Myanmar,2011,0.17042352
Montenegro,2011,4.09625219
Mongolia,2011,5.677968414
Mozambique,2011,0.138501288
Mauritania,2011,0.68359045
Mauritius,2011,2.906410475
Malawi,2011,0.062156976
Malaysia,2011,7.07620238
Niger,2011,0.082384979
Nigeria,2011,0.583519875
Nicaragua,2011,0.808058902
Netherlands,2011,9.511130441
Norway,2011,7.995012096
Nepal,2011,0.192299009
Nauru,2011,3.972589046
New Zealand,2011,6.909215537
Oman,2011,16.49286886
Pakistan,2011,0.772880261
Panama,2011,2.695280284
Peru,2011,1.654916644
Philippines,2011,0.86460139
Papua New Guinea,2011,0.690560024
Poland,2011,8.159838047
"Korea, Dem. People's Rep.",2011,1.503644026
Portugal,2011,4.723629222
Paraguay,2011,0.824126215
Qatar,2011,33.4944129
Romania,2011,4.172223886
Russian Federation,2011,11.88499702
Rwanda,2011,0.066062179
Saudi Arabia,2011,16.40642066
Sudan,2011,0.450357737
Senegal,2011,0.580797008
Singapore,2011,8.636708162
Solomon Islands,2011,0.646326454
Sierra Leone,2011,0.112749227
El Salvador,2011,1.091687798
Somalia,2011,0.050903722
Serbia,2011,7.081738796
South Sudan,2011,0.130204423
Sao Tome and Principe,2011,0.541943743
Suriname,2011,3.643654431
Slovak Republic,2011,6.320409762
Slovenia,2011,7.647930119
Sweden,2011,4.717853416
Eswatini,2011,0.615655011
Seychelles,2011,4.688875887
Syrian Arab Republic,2011,2.699957327
Chad,2011,0.088989667
Togo,2011,0.382053257
Thailand,2011,3.459798792
Tajikistan,2011,0.332575202
Turkmenistan,2011,12.649601
Tonga,2011,1.06220668
Trinidad and Tobago,2011,16.65943228
Tunisia,2011,2.452086578
Turkiye,2011,4.32606106
Tuvalu,2011,0.941087877
Tanzania,2011,0.179316146
Uganda,2011,0.111719254
Ukraine,2011,6.199174358
Uruguay,2011,2.258880169
United States,2011,16.60421817
Uzbekistan,2011,4.384207069
St. Vincent and the Grenadines,2011,2.492729638
"Venezuela, RB",2011,5.540040739
Vietnam,2011,1.755008127
Vanuatu,2011,0.535733399
Samoa,2011,1.066843067
"Yemen, Rep.",2011,0.963978488
South Africa,2011,7.869815906
Zambia,2011,0.217496732
Zimbabwe,2011,0.88488553
Afghanistan,2012,0.259295334
Angola,2012,0.950695879
Albania,2012,1.50324046
Andorra,2012,5.944654173
United Arab Emirates,2012,19.20780112
Argentina,2012,4.264223782
Armenia,2012,1.983192027
Antigua and Barbuda,2012,7.74276315
Australia,2012,17.02204223
Austria,2012,7.723614487
Azerbaijan,2012,3.239102868
Burundi,2012,0.04001734
Belgium,2012,8.577525877
Benin,2012,0.456355652
Burkina Faso,2012,0.177415687
Bangladesh,2012,0.384025166
Bulgaria,2012,6.16215311
Bahrain,2012,20.90093256
"Bahamas, The",2012,9.763986436
Bosnia and Herzegovina,2012,6.091586588
Belarus,2012,6.344981391
Belize,2012,1.982242705
Bolivia,2012,1.678603032
Brazil,2012,2.279272333
Barbados,2012,7.472734688
Brunei Darussalam,2012,18.29587739
Bhutan,2012,0.912224067
Botswana,2012,1.67193666
Central African Republic,2012,0.045081487
Canada,2012,15.73447396
Switzerland,2012,5.317086349
Chile,2012,4.506229076
China,2012,7.046182675
Cote d'Ivoire,2012,0.373134534
Cameroon,2012,0.320219438
"Congo, Dem. Rep.",2012,0.041002162
"Congo, Rep.",2012,1.166246226
Colombia,2012,1.512727212
Comoros,2012,0.221035685
Cabo Verde,2012,1.04900428
Costa Rica,2012,1.589162765
Cuba,2012,2.548611094
Cyprus,2012,6.255253007
Czech Republic,2012,10.09153928
Germany,2012,9.451317705
Djibouti,2012,0.575946626
Dominica,2012,3.523409533
Denmark,2012,6.835287325
Dominican Republic,2012,2.183081632
Algeria,2012,3.609307651
Ecuador,2012,2.396908547
"Egypt, Arab Rep.",2012,2.487785551
Spain,2012,5.756946794
Estonia,2012,12.7693736
Ethiopia,2012,0.091451262
Finland,2012,9.126387978
Fiji,2012,1.19066194
France,2012,5.154142128
Gabon,2012,3.200590683
United Kingdom,2012,7.343460282
Georgia,2012,1.928196034
Ghana,2012,0.561999712
Guinea,2012,0.23281943
"Gambia, The",2012,0.241467286
Guinea-Bissau,2012,0.155765084
Equatorial Guinea,2012,9.522968776
Greece,2012,7.251237354
Grenada,2012,3.81565719
Guatemala,2012,0.821948809
Guyana,2012,2.647645978
Honduras,2012,1.06935877
Croatia,2012,4.079616457
Haiti,2012,0.236076333
Hungary,2012,4.377864468
Indonesia,2012,1.938042616
India,2012,1.508508252
Ireland,2012,8.072558903
"Iran, Islamic Rep.",2012,7.40165311
Iraq,2012,4.045153699
Iceland,2012,5.799523611
Israel,2012,9.615068271
Italy,2012,6.327708948
Jamaica,2012,2.448869311
Jordan,2012,2.98147233
Japan,2012,9.822297325
Kazakhstan,2012,14.56638251
Kenya,2012,0.273997499
Kyrgyz Republic,2012,1.794121918
Cambodia,2012,0.383614744
Kiribati,2012,0.564127142
St. Kitts and Nevis,2012,6.816222682
"Korea, Rep.",2012,11.9586009
Lao PDR,2012,0.50740729
Lebanon,2012,4.238282748
Liberia,2012,0.229709292
Libya,2012,9.168355709
St. Lucia,2012,4.245587419
Liechtenstein,2012,5.189130073
Sri Lanka,2012,0.824969419
Lesotho,2012,0.307694142
Lithuania,2012,3.992940664
Luxembourg,2012,20.13387346
Latvia,2012,3.721147063
Morocco,2012,1.747192709
Moldova,2012,2.846693444
Madagascar,2012,0.122613506
Maldives,2012,2.869866616
Mexico,2012,4.147972825
North Macedonia,2012,4.390978645
Malta,2012,6.475758827
Myanmar,2012,0.232622809
Montenegro,2012,3.754425023
Mongolia,2012,6.067905096
Mozambique,2012,0.14801305
Mauritania,2012,0.736532985
Mauritius,2012,2.970024269
Malawi,2012,0.061704298
Malaysia,2012,7.080248362
Niger,2012,0.106208361
Nigeria,2012,0.570117077
Nicaragua,2012,0.783949275
Netherlands,2012,9.398409929
Norway,2012,7.66951117
Nepal,2012,0.222311476
Nauru,2012,3.946329825
New Zealand,2012,7.284317645
Oman,2012,17.30973775
Pakistan,2012,0.767887129
Panama,2012,2.774068569
Peru,2012,1.630811042
Philippines,2012,0.886510244
Papua New Guinea,2012,0.640806964
Poland,2012,7.969647665
"Korea, Dem. People's Rep.",2012,1.551572969
Portugal,2012,4.585897919
Paraguay,2012,0.806663826
Qatar,2012,34.18822184
Romania,2012,4.080658872
Russian Federation,2012,11.70209407
Rwanda,2012,0.071092285
Saudi Arabia,2012,16.89149679
Sudan,2012,0.436539089
Senegal,2012,0.555887582
Singapore,2012,8.22409727
Solomon Islands,2012,0.629421677
Sierra Leone,2012,0.128117541
El Salvador,2012,1.085297312
Somalia,2012,0.04954588
Serbia,2012,6.360537735
South Sudan,2012,0.140404329
Sao Tome and Principe,2012,0.636962946
Suriname,2012,4.508108234
Slovak Republic,2012,5.982344127
Slovenia,2012,7.349942268
Sweden,2012,4.426761612
Eswatini,2012,0.630046751
Seychelles,2012,4.86959681
Syrian Arab Republic,2012,2.301008788
Chad,2012,0.145485857
Togo,2012,0.330685538
Thailand,2012,3.695384563
Tajikistan,2012,0.38349995
Turkmenistan,2012,13.1000823
Tonga,2012,1.070705492
Trinidad and Tobago,2012,16.00221329
Tunisia,2012,2.562000447
Turkiye,2012,4.40556459
Tuvalu,2012,0.930752027
Tanzania,2012,0.209763309
Uganda,2012,0.109379114
Ukraine,2012,6.077860784
Uruguay,2012,2.521474843
United States,2012,15.78978264
Uzbekistan,2012,3.799895864
St. Vincent and the Grenadines,2012,3.319961399
"Venezuela, RB",2012,6.169104327
Vietnam,2012,1.731811457
Vanuatu,2012,0.480952275
Samoa,2012,1.057703002
"Yemen, Rep.",2012,0.858490955
South Africa,2012,8.077957969
Zambia,2012,0.27860069
Zimbabwe,2012,0.915734944
Afghanistan,2013,0.18562366
Angola,2013,1.036293852
Albania,2013,1.533630039
Andorra,2013,5.942800412
United Arab Emirates,2013,20.05564757
Argentina,2013,4.342115069
Armenia,2013,1.89812717
Antigua and Barbuda,2013,5.136050692
Australia,2013,16.44231571
Austria,2013,7.753699576
Azerbaijan,2013,3.285616903
Burundi,2013,0.040879208
Belgium,2013,8.655477512
Benin,2013,0.467785082
Burkina Faso,2013,0.183332656
Bangladesh,2013,0.396697028
Bulgaria,2013,5.458963808
Bahrain,2013,21.93867997
"Bahamas, The",2013,7.653297299
Bosnia and Herzegovina,2013,6.167789961
Belarus,2013,6.352712195
Belize,2013,1.330606578
Bolivia,2013,1.777588045
Brazil,2013,2.421656961
Barbados,2013,5.065179206
Brunei Darussalam,2013,17.82826519
Bhutan,2013,0.94334976
Botswana,2013,2.627813846
Central African Republic,2013,0.02697875
Canada,2013,15.83846027
Switzerland,2013,5.381151799
Chile,2013,4.723555077
China,2013,7.324147115
Cote d'Ivoire,2013,0.393435075
Cameroon,2013,0.341980233
"Congo, Dem. Rep.",2013,0.055494204
"Congo, Rep.",2013,1.152991586
Colombia,2013,1.653063497
Comoros,2013,0.256233552
Cabo Verde,2013,0.996599817
Costa Rica,2013,1.640619591
Cuba,2013,2.558779773
Cyprus,2013,5.621287658
Czech Republic,2013,9.620257259
Germany,2013,9.62420735
Djibouti,2013,0.633989062
Dominica,2013,2.393725648
Denmark,2013,7.116737849
Dominican Republic,2013,2.118782053
Algeria,2013,3.644979345
Ecuador,2013,2.52745943
"Egypt, Arab Rep.",2013,2.419103472
Spain,2013,5.208274629
Estonia,2013,14.65860673
Ethiopia,2013,0.105676114
Finland,2013,9.22784648
Fiji,2013,1.305449843
France,2013,5.12979914
Gabon,2013,3.186448492
United Kingdom,2013,7.075818333
Georgia,2013,2.108848922
Ghana,2013,0.587425248
Guinea,2013,0.200131818
"Gambia, The",2013,0.224065899
Guinea-Bissau,2013,0.151675192
Equatorial Guinea,2013,8.528333301
Greece,2013,6.609996229
Grenada,2013,2.958251607
Guatemala,2013,0.864132971
Guyana,2013,2.607730233
Honduras,2013,1.064951336
Croatia,2013,3.997002654
Haiti,2013,0.254791238
Hungary,2013,4.120050589
Indonesia,2013,1.778914016
India,2013,1.539947839
Ireland,2013,7.723057986
"Iran, Islamic Rep.",2013,7.631864943
Iraq,2013,4.195185035
Iceland,2013,6.269999047
Israel,2013,8.313170792
Italy,2013,5.751905744
Jamaica,2013,2.588580197
Jordan,2013,2.79375767
Japan,2013,9.908431318
Kazakhstan,2013,15.26278838
Kenya,2013,0.309754058
Kyrgyz Republic,2013,1.639974843
Cambodia,2013,0.381996121
Kiribati,2013,0.556137428
St. Kitts and Nevis,2013,4.570020747
"Korea, Rep.",2013,11.89000868
Lao PDR,2013,0.635958995
Lebanon,2013,3.930312343
Liberia,2013,0.216555329
Libya,2013,9.273220725
St. Lucia,2013,2.873158449
Liechtenstein,2013,5.143475842
Sri Lanka,2013,0.703424802
Lesotho,2013,0.30071067
Lithuania,2013,3.830693465
Luxembourg,2013,18.68006408
Latvia,2013,3.701592882
Morocco,2013,1.708106064
Moldova,2013,2.51163813
Madagascar,2013,0.127606246
Maldives,2013,2.719012867
Mexico,2013,4.003630132
North Macedonia,2013,3.943737473
Malta,2013,5.563811012
Myanmar,2013,0.262282625
Montenegro,2013,3.654176435
Mongolia,2013,6.377995554
Mozambique,2013,0.164314407
Mauritania,2013,0.678454997
Mauritius,2013,3.034990528
Malawi,2013,0.061871473
Malaysia,2013,7.589690457
Niger,2013,0.106461818
Nigeria,2013,0.629519877
Nicaragua,2013,0.737324175
Netherlands,2013,9.348128895
Norway,2013,7.776167641
Nepal,2013,0.226252797
Nauru,2013,4.898119195
New Zealand,2013,7.179036805
Oman,2013,16.73659016
Pakistan,2013,0.763669285
Panama,2013,2.672439484
Peru,2013,1.670921723
Philippines,2013,0.965899617
Papua New Guinea,2013,0.672796447
Poland,2013,7.841704806
"Korea, Dem. People's Rep.",2013,1.108325444
Portugal,2013,4.452394369
Paraguay,2013,0.814097994
Qatar,2013,32.5989398
Romania,2013,3.607441144
Russian Federation,2013,11.37700677
Rwanda,2013,0.074919961
Saudi Arabia,2013,16.74461002
Sudan,2013,0.410546299
Senegal,2013,0.581174786
Singapore,2013,8.132743535
Solomon Islands,2013,0.682618921
Sierra Leone,2013,0.151515698
El Salvador,2013,1.030948242
Somalia,2013,0.049756151
Serbia,2013,6.486480319
South Sudan,2013,0.14002857
Sao Tome and Principe,2013,0.624752688
Suriname,2013,4.184215025
Slovak Republic,2013,6.081213422
Slovenia,2013,7.063268041
Sweden,2013,4.222750051
Eswatini,2013,0.690072071
Seychelles,2013,4.669312465
Syrian Arab Republic,2013,1.568049344
Chad,2013,0.165652672
Togo,2013,0.251627635
Thailand,2013,3.825693042
Tajikistan,2013,0.397033077
Turkmenistan,2013,13.08518099
Tonga,2013,1.179152556
Trinidad and Tobago,2013,16.4067872
Tunisia,2013,2.542694244
Turkiye,2013,4.190557931
Tuvalu,2013,0.921743919
Tanzania,2013,0.222964152
Uganda,2013,0.103377218
Ukraine,2013,5.941351514
Uruguay,2013,2.171452753
United States,2013,16.11118443
Uzbekistan,2013,3.698682699
St. Vincent and the Grenadines,2013,2.117395826
"Venezuela, RB",2013,6.058551223
Vietnam,2013,1.810416624
Vanuatu,2013,0.428620968
Samoa,2013,1.048701723
"Yemen, Rep.",2013,1.106687715
South Africa,2013,8.138264312
Zambia,2013,0.284057568
Zimbabwe,2013,0.919824123
Afghanistan,2014,0.146235617
Angola,2014,1.099779111
Albania,2014,1.668337371
Andorra,2014,5.807127723
United Arab Emirates,2014,20.05169797
Argentina,2014,4.209095633
Armenia,2014,1.881607737
Antigua and Barbuda,2014,5.185713244
Australia,2014,15.83042152
Austria,2014,7.260404228
Azerbaijan,2014,3.38119922
Burundi,2014,0.038601013
Belgium,2014,8.041711215
Benin,2014,0.50452817
Burkina Faso,2014,0.180825362
Bangladesh,2014,0.413092687
Bulgaria,2014,5.820924714
Bahrain,2014,22.66343283
"Bahamas, The",2014,6.799325412
Bosnia and Herzegovina,2014,5.597187383
Belarus,2014,6.29728587
Belize,2014,1.358364951
Bolivia,2014,1.90631555
Brazil,2014,2.523232137
Barbados,2014,4.458878192
Brunei Darussalam,2014,17.27764771
Bhutan,2014,0.973502632
Botswana,2014,3.346708888
Central African Republic,2014,0.029120747
Canada,2014,15.84990541
Switzerland,2014,4.859165525
Chile,2014,4.311060938
China,2014,7.294235506
Cote d'Ivoire,2014,0.406222759
Cameroon,2014,0.363726897
"Congo, Dem. Rep.",2014,0.069678432
"Congo, Rep.",2014,1.095638253
Colombia,2014,1.686264961
Comoros,2014,0.223863893
Cabo Verde,2014,0.964736936
Costa Rica,2014,1.63281817
Cuba,2014,2.3605037
Cyprus,2014,5.909934629
Czech Republic,2014,9.264302843
Germany,2014,9.088506897
Djibouti,2014,0.445083888
Dominica,2014,2.531966172
Denmark,2014,6.347153074
Dominican Republic,2014,2.110144291
Algeria,2014,3.795632251
Ecuador,2014,2.620388632
"Egypt, Arab Rep.",2014,2.423232509
Spain,2014,5.184067004
Estonia,2014,13.64730803
Ethiopia,2014,0.125797367
Finland,2014,8.451871908
Fiji,2014,1.488838858
France,2014,4.616052854
Gabon,2014,3.163816156
United Kingdom,2014,6.43320778
Georgia,2014,2.277240519
Ghana,2014,0.554280565
Guinea,2014,0.200879386
"Gambia, The",2014,0.25691229
Guinea-Bissau,2014,0.159533648
Equatorial Guinea,2014,7.048195802
Greece,2014,6.385178661
Grenada,2014,2.295684114
Guatemala,2014,0.911388463
Guyana,2014,2.698556721
Honduras,2014,1.056324782
Croatia,2014,3.831644469
Haiti,2014,0.286282868
Hungary,2014,4.11798843
Indonesia,2014,1.896733638
India,2014,1.657231271
Ireland,2014,7.628162753
"Iran, Islamic Rep.",2014,7.81441898
Iraq,2014,3.895158431
Iceland,2014,6.261721492
Israel,2014,7.877600353
Italy,2014,5.38747546
Jamaica,2014,2.500750419
Jordan,2014,2.864728014
Japan,2014,9.562839774
Kazakhstan,2014,12.10241477
Kenya,2014,0.324410689
Kyrgyz Republic,2014,1.663953395
Cambodia,2014,0.455006519
Kiribati,2014,0.548511237
St. Kitts and Nevis,2014,4.529699153
"Korea, Rep.",2014,11.58874374
Lao PDR,2014,0.653637811
Lebanon,2014,4.016900629
Liberia,2014,0.2798481
Libya,2014,9.116574105
St. Lucia,2014,2.860235383
Liechtenstein,2014,4.298879508
Sri Lanka,2014,0.847049783
Lesotho,2014,0.298515066
Lithuania,2014,3.703492659
Luxembourg,2014,17.34616222
Latvia,2014,3.651352159
Morocco,2014,1.716465376
Moldova,2014,2.698682174
Madagascar,2014,0.127596996
Maldives,2014,3.149294983
Mexico,2014,3.840633659
North Macedonia,2014,3.724356864
Malta,2014,5.430805313
Myanmar,2014,0.325932191
Montenegro,2014,3.570222461
Mongolia,2014,6.163032906
Mozambique,2014,0.184887949
Mauritania,2014,0.737745687
Mauritius,2014,3.132598572
Malawi,2014,0.052180694
Malaysia,2014,7.923564998
Niger,2014,0.11174531
Nigeria,2014,0.650945533
Nicaragua,2014,0.774899292
Netherlands,2014,8.881703067
Norway,2014,7.613049325
Nepal,2014,0.264996837
Nauru,2014,4.859558824
New Zealand,2014,7.078489829
Oman,2014,16.48517399
Pakistan,2014,0.789739106
Panama,2014,2.758047289
Peru,2014,1.76701033
Philippines,2014,1.013001909
Papua New Guinea,2014,0.741185071
Poland,2014,7.516889481
"Korea, Dem. People's Rep.",2014,1.246318841
Portugal,2014,4.415895252
Paraguay,2014,0.853091846
Qatar,2014,33.20589511
Romania,2014,3.593353578
Russian Federation,2014,11.20820257
Rwanda,2014,0.077591916
Saudi Arabia,2014,17.48316332
Sudan,2014,0.42446012
Senegal,2014,0.604596606
Singapore,2014,8.117411688
Solomon Islands,2014,0.579138418
Sierra Leone,2014,0.163884125
El Salvador,2014,1.046841993
Somalia,2014,0.048422285
Serbia,2014,5.463794101
South Sudan,2014,0.144956615
Sao Tome and Principe,2014,0.613098843
Suriname,2014,4.735413094
Slovak Republic,2014,5.617636524
Slovenia,2014,6.357966448
Sweden,2014,4.030482516
Eswatini,2014,0.684917746
Seychelles,2014,5.14453966
Syrian Arab Republic,2014,1.422180088
Chad,2014,0.165403428
Togo,2014,0.222751569
Thailand,2014,3.752260164
Tajikistan,2014,0.554961272
Turkmenistan,2014,13.06179464
Tonga,2014,1.088860947
Trinidad and Tobago,2014,16.17808289
Tunisia,2014,2.707174624
Turkiye,2014,4.410763561
Tuvalu,2014,0.911327784
Tanzania,2014,0.214369082
Uganda,2014,0.111347325
Ukraine,2014,5.25113054
Uruguay,2014,1.911517895
United States,2014,16.04092103
Uzbekistan,2014,3.409552819
St. Vincent and the Grenadines,2014,2.480067703
"Venezuela, RB",2014,5.966120779
Vietnam,2014,1.97211212
Vanuatu,2014,0.606317818
Samoa,2014,1.092498145
"Yemen, Rep.",2014,1.062211282
South Africa,2014,8.212241156
Zambia,2014,0.304549552
Zimbabwe,2014,0.889104126
Afghanistan,2015,0.172896741
Angola,2015,1.13504405
Albania,2015,1.60377515
Andorra,2015,6.026181822
United Arab Emirates,2015,21.07764197
Argentina,2015,4.301913876
Armenia,2015,1.825292244
Antigua and Barbuda,2015,5.236665308
Australia,2015,15.863288
Austria,2015,7.317158873
Azerbaijan,2015,3.292452869
Burundi,2015,0.039369948
Belgium,2015,8.437851999
Benin,2015,0.520992816
Burkina Faso,2015,0.204300066
Bangladesh,2015,0.461997426
Bulgaria,2015,6.207865317
Bahrain,2015,22.29101801
"Bahamas, The",2015,5.905932758
Bosnia and Herzegovina,2015,5.721181036
Belarus,2015,5.79426692
Belize,2015,1.884042732
Bolivia,2015,1.909890716
Brazil,2015,2.373628508
Barbados,2015,4.451033309
Brunei Darussalam,2015,15.42488346
Bhutan,2015,1.057859388
Botswana,2015,3.277194971
Central African Republic,2015,0.042286394
Canada,2015,15.64858561
Switzerland,2015,4.719648777
Chile,2015,4.576124117
China,2015,7.146449357
Cote d'Ivoire,2015,0.422368807
Cameroon,2015,0.363115439
"Congo, Dem. Rep.",2015,0.042363694
"Congo, Rep.",2015,1.165546016
Colombia,2015,1.688318124
Comoros,2015,0.244393419
Cabo Verde,2015,0.952852841
Costa Rica,2015,1.55534308
Cuba,2015,2.579300156
Cyprus,2015,5.900152116
Czech Republic,2015,9.400668002
Germany,2015,9.087290909
Djibouti,2015,0.503283386
Dominica,2015,2.528977972
Denmark,2015,5.929462754
Dominican Republic,2015,2.294373257
Algeria,2015,3.933495912
Ecuador,2015,2.56106243
"Egypt, Arab Rep.",2015,2.44779056
Spain,2015,5.51794436
Estonia,2015,11.81383402
Ethiopia,2015,0.127832027
Finland,2015,7.814537356
Fiji,2015,1.588704993
France,2015,4.677807228
Gabon,2015,3.142183759
United Kingdom,2015,6.159448333
Georgia,2015,2.469615623
Ghana,2015,0.566623028
Guinea,2015,0.222181476
"Gambia, The",2015,0.254091824
Guinea-Bissau,2015,0.16117826
Equatorial Guinea,2015,5.622232353
Greece,2015,6.28506954
Grenada,2015,2.463436318
Guatemala,2015,1.049628082
Guyana,2015,2.710334223
Honduras,2015,1.089663658
Croatia,2015,3.948992432
Haiti,2015,0.30666988
Hungary,2015,4.407180501
Indonesia,2015,1.890795841
India,2015,1.647151914
Ireland,2015,7.881824817
"Iran, Islamic Rep.",2015,7.633623871
Iraq,2015,3.743646439
Iceland,2015,6.227045154
Israel,2015,7.892507176
Italy,2015,5.563259469
Jamaica,2015,2.452418296
Jordan,2015,2.731322514
Japan,2015,9.276629423
Kazakhstan,2015,10.87226272
Kenya,2015,0.359452718
Kyrgyz Republic,2015,1.724051177
Cambodia,2015,0.543119905
Kiribati,2015,0.540896253
St. Kitts and Nevis,2015,4.687133713
"Korea, Rep.",2015,11.91474367
Lao PDR,2015,1.317280722
Lebanon,2015,4.134596535
Liberia,2015,0.281738701
Libya,2015,7.997426401
St. Lucia,2015,2.791253329
Liechtenstein,2015,4.270652514
Sri Lanka,2015,0.970910854
Lesotho,2015,0.315685529
Lithuania,2015,3.810789214
Luxembourg,2015,16.02867977
Latvia,2015,3.701593036
Morocco,2015,1.742749914
Moldova,2015,2.829393394
Madagascar,2015,0.135346585
Maldives,2015,3.011558239
Mexico,2015,3.870316544
North Macedonia,2015,3.579319286
Malta,2015,3.729892769
Myanmar,2015,0.361422537
Montenegro,2015,3.793242395
Mongolia,2015,5.769680109
Mozambique,2015,0.204126905
Mauritania,2015,0.879815244
Mauritius,2015,3.136372847
Malawi,2015,0.055537956
Malaysia,2015,7.814088295
Niger,2015,0.105491223
Nigeria,2015,0.594907347
Nicaragua,2015,0.846826583
Netherlands,2015,9.292250246
Norway,2015,7.610906295
Nepal,2015,0.266148113
Nauru,2015,5.783689865
New Zealand,2015,7.003080396
Oman,2015,16.43412074
Pakistan,2015,0.823008136
Panama,2015,2.69623958
Peru,2015,1.790242082
Philippines,2015,1.087126793
Papua New Guinea,2015,0.802933312
Poland,2015,7.610089275
"Korea, Dem. People's Rep.",2015,0.996671213
Portugal,2015,4.812669696
Paraguay,2015,0.952345908
Qatar,2015,33.04351032
Romania,2015,3.700112058
Russian Federation,2015,11.05201007
Rwanda,2015,0.086198815
Saudi Arabia,2015,17.81940147
Sudan,2015,0.480940393
Senegal,2015,0.637241954
Singapore,2015,8.207765834
Solomon Islands,2015,0.513982824
Sierra Leone,2015,0.126883934
El Salvador,2015,1.106698196
Somalia,2015,0.047110993
Serbia,2015,6.397117589
South Sudan,2015,0.18384314
Sao Tome and Principe,2015,0.601687721
Suriname,2015,4.864648366
Slovak Republic,2015,5.669455793
Slovenia,2015,6.367726166
Sweden,2015,3.999311639
Eswatini,2015,0.697439745
Seychelles,2015,5.459274778
Syrian Arab Republic,2015,1.404090869
Chad,2015,0.169371768
Togo,2015,0.249892061
Thailand,2015,3.841982798
Tajikistan,2015,0.579605995
Turkmenistan,2015,13.18890729
Tonga,2015,1.190712416
Trinidad and Tobago,2015,15.56557092
Tunisia,2015,2.726308867
Turkiye,2015,4.477175913
Tuvalu,2015,0.90098205
Tanzania,2015,0.227066833
Uganda,2015,0.123477949
Ukraine,2015,4.231515591
Uruguay,2015,1.946065231
United States,2015,15.56003496
Uzbekistan,2015,3.168481901
St. Vincent and the Grenadines,2015,2.290740826
"Venezuela, RB",2015,5.422875575
Vietnam,2015,2.380847445
Vanuatu,2015,0.516361278
Samoa,2015,1.240245954
"Yemen, Rep.",2015,0.511361652
South Africa,2015,7.669937662
Zambia,2015,0.312354964
Zimbabwe,2015,0.899769991
